2025-04-20 14:51:52-711 [background-preinit] INFO  o.h.validator.internal.util.Version - HV000001: Hibernate Validator 8.0.2.Final 
2025-04-20 14:51:52-858 [main] INFO  c.b.b.BusinessServiceApplication - Starting BusinessServiceApplication using Java 17.0.12 with PID 19940 (C:\Users\mgarcsar\Documents\Bootcamp\etregables\business-service\target\classes started by mgarcsar in C:\Users\mgarcsar\Documents\Bootcamp\etregables\business-service) 
2025-04-20 14:51:52-859 [main] INFO  c.b.b.BusinessServiceApplication - The following 1 profile is active: "local" 
2025-04-20 14:51:53-125 [main] INFO  o.s.c.c.c.ConfigServerConfigDataLoader - Fetching config from server at : http://localhost:8888 
2025-04-20 14:51:53-126 [main] INFO  o.s.c.c.c.ConfigServerConfigDataLoader - Located environment: name=business-service, profiles=[default], label=null, version=5a7a97dd55033225eab016a6e8a81b123bbbd9e0, state= 
2025-04-20 14:51:53-126 [main] INFO  o.s.c.c.c.ConfigServerConfigDataLoader - Fetching config from server at : http://localhost:8888 
2025-04-20 14:51:53-126 [main] INFO  o.s.c.c.c.ConfigServerConfigDataLoader - Located environment: name=business-service, profiles=[local], label=null, version=5a7a97dd55033225eab016a6e8a81b123bbbd9e0, state= 
2025-04-20 14:51:58-064 [main] INFO  o.s.cloud.context.scope.GenericScope - BeanFactory id=12d71a42-f5ef-3412-a800-00ed1452ec4a 
2025-04-20 14:52:01-817 [main] INFO  o.s.b.a.e.web.EndpointLinksResolver - Exposing 3 endpoints beneath base path '/actuator' 
2025-04-20 14:52:02-977 [main] INFO  o.s.c.n.e.c.DiscoveryClientOptionalArgsConfiguration - Eureka HTTP Client uses RestTemplate. 
2025-04-20 14:52:03-137 [main] WARN  o.s.c.l.c.LoadBalancerCacheAutoConfiguration$LoadBalancerCaffeineWarnLogger - Spring Cloud LoadBalancer is currently working with the default cache. While this cache implementation is useful for development and tests, it's recommended to use Caffeine cache in production.You can switch to using Caffeine cache, by adding it and org.springframework.cache.caffeine.CaffeineCacheManager to the classpath. 
2025-04-20 14:52:03-254 [main] INFO  o.s.c.n.eureka.InstanceInfoFactory - Setting initial instance status as: STARTING 
2025-04-20 14:52:03-294 [main] INFO  c.netflix.discovery.DiscoveryClient - Initializing Eureka in region us-east-1 
2025-04-20 14:52:03-303 [main] INFO  c.n.d.s.r.aws.ConfigClusterResolver - Resolving eureka endpoints via configuration 
2025-04-20 14:52:03-317 [main] INFO  c.netflix.discovery.DiscoveryClient - Disable delta property : false 
2025-04-20 14:52:03-318 [main] INFO  c.netflix.discovery.DiscoveryClient - Single vip registry refresh property : null 
2025-04-20 14:52:03-318 [main] INFO  c.netflix.discovery.DiscoveryClient - Force full registry fetch : false 
2025-04-20 14:52:03-318 [main] INFO  c.netflix.discovery.DiscoveryClient - Application is null : false 
2025-04-20 14:52:03-318 [main] INFO  c.netflix.discovery.DiscoveryClient - Registered Applications size is zero : true 
2025-04-20 14:52:03-318 [main] INFO  c.netflix.discovery.DiscoveryClient - Application version is -1: true 
2025-04-20 14:52:03-318 [main] INFO  c.netflix.discovery.DiscoveryClient - Getting all instance registry info from the eureka server 
2025-04-20 14:52:03-661 [main] INFO  c.netflix.discovery.DiscoveryClient - The response status is 200 
2025-04-20 14:52:03-665 [main] INFO  c.netflix.discovery.DiscoveryClient - Starting heartbeat executor: renew interval is: 30 
2025-04-20 14:52:03-669 [main] INFO  c.n.discovery.InstanceInfoReplicator - InstanceInfoReplicator onDemand update allowed rate per min is 4 
2025-04-20 14:52:03-672 [main] INFO  c.netflix.discovery.DiscoveryClient - Discovery Client initialized at timestamp 1745178723671 with initial instances count: 5 
2025-04-20 14:52:03-696 [main] INFO  o.s.c.n.e.s.EurekaServiceRegistry - Registering application BUSINESS-SERVICE with eureka with status UP 
2025-04-20 14:52:03-698 [main] INFO  c.netflix.discovery.DiscoveryClient - Saw local status change event StatusChangeEvent [timestamp=1745178723698, current=UP, previous=STARTING] 
2025-04-20 14:52:03-702 [DiscoveryClient-InstanceInfoReplicator-%d] INFO  c.netflix.discovery.DiscoveryClient - DiscoveryClient_BUSINESS-SERVICE/business-service:8585: registering service... 
2025-04-20 14:52:03-787 [DiscoveryClient-InstanceInfoReplicator-%d] INFO  c.netflix.discovery.DiscoveryClient - DiscoveryClient_BUSINESS-SERVICE/business-service:8585 - registration status: 204 
2025-04-20 14:52:04-026 [main] INFO  o.s.b.w.e.netty.NettyWebServer - Netty started on port 8585 (http) 
2025-04-20 14:52:04-027 [main] INFO  o.s.c.n.e.s.EurekaAutoServiceRegistration - Updating port to 8585 
2025-04-20 14:52:04-304 [main] INFO  c.b.b.BusinessServiceApplication - Started BusinessServiceApplication in 16.32 seconds (process running for 17.765) 
2025-04-20 14:52:58-390 [reactor-http-nio-4] INFO  c.b.b.connector.ProductConnector - API getProductByCustomerId RQ: 67ec1a41fabf6d0f4ada9865 
2025-04-20 14:52:58-407 [reactor-http-nio-4] INFO  c.b.b.config.WebClientCustomerApi - Request: GET,  http://localhost:8383/api/products/customer/67ec1a41fabf6d0f4ada9865 
2025-04-20 14:52:58-521 [reactor-http-nio-4] INFO  c.b.b.config.WebClientCustomerApi - Response status: 200 OK 
2025-04-20 14:52:58-544 [reactor-http-nio-4] INFO  c.b.b.connector.ProductConnector - API getProductByCustomerId RS {"id":"67f9cc806e374c0902dcdb73","productType":"SA","amountOfOpen":10.0,"accountNumber":"SA01-7689199523","hasPlasticCard":true,"cardNumber":"67fd7f29c1328463019a244a","createdDate":[2025,4,12],"customer":{"customerId":"67ec1a41fabf6d0f4ada9865"}} 
2025-04-20 14:52:58-545 [reactor-http-nio-4] INFO  c.b.b.connector.ProductConnector - API findBalanceByProductId RQ: 67f9cc806e374c0902dcdb73 
2025-04-20 14:52:58-548 [reactor-http-nio-4] INFO  c.b.b.config.WebClientCustomerApi - Request: GET,  http://localhost:8383/api/products/67f9cc806e374c0902dcdb73/balance 
2025-04-20 14:52:58-551 [reactor-http-nio-4] INFO  c.b.b.connector.ProductConnector - API getProductByCustomerId RS {"id":"67f9cd80200fc270ce30e284","productType":"CA","amountOfOpen":10.0,"accountNumber":"CA01-8730016551","hasPlasticCard":true,"cardNumber":"67fd7f29c1328463019a244a","createdDate":[2025,4,11],"customer":{"customerId":"67ec1a41fabf6d0f4ada9865"}} 
2025-04-20 14:52:58-552 [reactor-http-nio-4] INFO  c.b.b.connector.ProductConnector - API findBalanceByProductId RQ: 67f9cd80200fc270ce30e284 
2025-04-20 14:52:58-552 [reactor-http-nio-4] INFO  c.b.b.config.WebClientCustomerApi - Request: GET,  http://localhost:8383/api/products/67f9cd80200fc270ce30e284/balance 
2025-04-20 14:52:58-555 [reactor-http-nio-4] INFO  c.b.b.connector.ProductConnector - API getProductByCustomerId RS {"id":"67f9e1c9fe034d395c6d23b3","productType":"FA","amountOfOpen":100.0,"accountNumber":"FA01-9408688263","hasPlasticCard":true,"cardNumber":"67fd7f29c1328463019a244a","createdDate":[2025,4,11],"customer":{"customerId":"67ec1a41fabf6d0f4ada9865"}} 
2025-04-20 14:52:58-555 [reactor-http-nio-4] INFO  c.b.b.connector.ProductConnector - API findBalanceByProductId RQ: 67f9e1c9fe034d395c6d23b3 
2025-04-20 14:52:58-556 [reactor-http-nio-4] INFO  c.b.b.config.WebClientCustomerApi - Request: GET,  http://localhost:8383/api/products/67f9e1c9fe034d395c6d23b3/balance 
2025-04-20 14:52:58-558 [reactor-http-nio-4] INFO  c.b.b.connector.ProductConnector - API getProductByCustomerId RS {"id":"67fabf94ec8287214a828c9c","productType":"CC","amountOfOpen":100.0,"accountNumber":"CC01-4406914878","hasPlasticCard":true,"cardNumber":"67fd811bc1328463019a244c","createdDate":[2025,4,12],"customer":{"customerId":"67ec1a41fabf6d0f4ada9865"}} 
2025-04-20 14:52:58-558 [reactor-http-nio-4] INFO  c.b.b.connector.ProductConnector - API findBalanceByProductId RQ: 67fabf94ec8287214a828c9c 
2025-04-20 14:52:58-559 [reactor-http-nio-4] INFO  c.b.b.config.WebClientCustomerApi - Request: GET,  http://localhost:8383/api/products/67fabf94ec8287214a828c9c/balance 
2025-04-20 14:52:58-581 [reactor-http-nio-4] INFO  c.b.b.config.WebClientCustomerApi - Response status: 200 OK 
2025-04-20 14:52:58-586 [reactor-http-nio-4] INFO  c.b.b.connector.ProductConnector - API findBalanceByProductId RS: {"creditLimit":0.0,"creditLimitUsed":0.0,"creditEnabledToUse":0.0,"totalAmountInAccount":100.0} 
2025-04-20 14:52:58-589 [reactor-http-nio-4] INFO  c.b.b.config.WebClientCustomerApi - Response status: 200 OK 
2025-04-20 14:52:58-591 [reactor-http-nio-4] INFO  c.b.b.connector.ProductConnector - API findBalanceByProductId RS: {"creditLimit":0.0,"creditLimitUsed":0.0,"creditEnabledToUse":0.0,"totalAmountInAccount":3720.0} 
2025-04-20 14:52:58-592 [reactor-http-nio-4] INFO  c.b.b.config.WebClientCustomerApi - Response status: 200 OK 
2025-04-20 14:52:58-594 [reactor-http-nio-4] INFO  c.b.b.connector.ProductConnector - API findBalanceByProductId RS: {"creditLimit":0.0,"creditLimitUsed":0.0,"creditEnabledToUse":0.0,"totalAmountInAccount":505.0} 
2025-04-20 14:52:58-598 [reactor-http-nio-4] INFO  c.b.b.config.WebClientCustomerApi - Response status: 200 OK 
2025-04-20 14:52:58-600 [reactor-http-nio-4] INFO  c.b.b.connector.ProductConnector - API findBalanceByProductId RS: {"creditLimit":3000.0,"creditLimitUsed":80.0,"creditEnabledToUse":2920.0,"totalAmountInAccount":0.0} 
2025-04-20 14:52:58-605 [reactor-http-nio-4] INFO  c.b.b.service.impl.ReportServiceImpl - Report successfully built {"message":"Success - Reporte productos del cliente ingresado.","typeReport":"BALANCE","customerId":"67ec1a41fabf6d0f4ada9865","dateToday":[2025,4,20],"products":[{"productId":"67f9e1c9fe034d395c6d23b3","customerId":"67ec1a41fabf6d0f4ada9865","productType":"PLAZO FIJO","familyType":"PASSIVE","balance":100.0,"accountNumber":"FA01-9408688263","creditLimitTotal":0.0,"creditUser":0.0,"creditEnabled":0.0},{"productId":"67f9cd80200fc270ce30e284","customerId":"67ec1a41fabf6d0f4ada9865","productType":"CUENTA CORRIENTE","familyType":"PASSIVE","balance":3720.0,"accountNumber":"CA01-8730016551","creditLimitTotal":0.0,"creditUser":0.0,"creditEnabled":0.0},{"productId":"67f9cc806e374c0902dcdb73","customerId":"67ec1a41fabf6d0f4ada9865","productType":"CUENTA DE AHORROS","familyType":"PASSIVE","balance":505.0,"accountNumber":"SA01-7689199523","creditLimitTotal":0.0,"creditUser":0.0,"creditEnabled":0.0},{"productId":"67fabf94ec8287214a828c9c","customerId":"67ec1a41fabf6d0f4ada9865","productType":"TARJETA DE CREDITO","familyType":"ACTIVE","balance":0.0,"accountNumber":"CC01-4406914878","creditLimitTotal":3000.0,"creditUser":80.0,"creditEnabled":2920.0}]} 
2025-04-20 14:57:03-329 [AsyncResolver-bootstrap-executor-%d] INFO  c.n.d.s.r.aws.ConfigClusterResolver - Resolving eureka endpoints via configuration 
2025-04-20 15:02:03-337 [AsyncResolver-bootstrap-executor-%d] INFO  c.n.d.s.r.aws.ConfigClusterResolver - Resolving eureka endpoints via configuration 
2025-04-20 15:06:59-636 [SpringApplicationShutdownHook] INFO  o.s.c.n.e.s.EurekaServiceRegistry - Unregistering application BUSINESS-SERVICE with eureka with status DOWN 
2025-04-20 15:06:59-637 [SpringApplicationShutdownHook] INFO  c.netflix.discovery.DiscoveryClient - Saw local status change event StatusChangeEvent [timestamp=1745179619637, current=DOWN, previous=UP] 
2025-04-20 15:06:59-637 [DiscoveryClient-InstanceInfoReplicator-%d] INFO  c.netflix.discovery.DiscoveryClient - DiscoveryClient_BUSINESS-SERVICE/business-service:8585: registering service... 
2025-04-20 15:06:59-640 [SpringApplicationShutdownHook] INFO  o.s.b.w.e.netty.GracefulShutdown - Commencing graceful shutdown. Waiting for active requests to complete 
2025-04-20 15:06:59-644 [DiscoveryClient-InstanceInfoReplicator-%d] INFO  c.netflix.discovery.DiscoveryClient - DiscoveryClient_BUSINESS-SERVICE/business-service:8585 - registration status: 204 
2025-04-20 15:06:59-644 [netty-shutdown] INFO  o.s.b.w.e.netty.GracefulShutdown - Graceful shutdown complete 
2025-04-20 15:35:13-856 [background-preinit] INFO  o.h.validator.internal.util.Version - HV000001: Hibernate Validator 8.0.2.Final 
2025-04-20 15:35:13-900 [main] INFO  c.b.b.BusinessServiceApplication - Starting BusinessServiceApplication using Java 17.0.12 with PID 11200 (C:\Users\mgarcsar\Documents\Bootcamp\etregables\business-service\target\classes started by mgarcsar in C:\Users\mgarcsar\Documents\Bootcamp\etregables\business-service) 
2025-04-20 15:35:13-901 [main] INFO  c.b.b.BusinessServiceApplication - The following 1 profile is active: "local" 
2025-04-20 15:35:13-934 [main] INFO  o.s.c.c.c.ConfigServerConfigDataLoader - Fetching config from server at : http://localhost:8888 
2025-04-20 15:35:13-934 [main] INFO  o.s.c.c.c.ConfigServerConfigDataLoader - Located environment: name=business-service, profiles=[default], label=null, version=5a7a97dd55033225eab016a6e8a81b123bbbd9e0, state= 
2025-04-20 15:35:13-934 [main] INFO  o.s.c.c.c.ConfigServerConfigDataLoader - Fetching config from server at : http://localhost:8888 
2025-04-20 15:35:13-934 [main] INFO  o.s.c.c.c.ConfigServerConfigDataLoader - Located environment: name=business-service, profiles=[local], label=null, version=5a7a97dd55033225eab016a6e8a81b123bbbd9e0, state= 
2025-04-20 15:35:15-470 [main] INFO  o.s.cloud.context.scope.GenericScope - BeanFactory id=3a22edfb-ee61-33fe-94a2-bcf8fbe89c21 
2025-04-20 15:35:16-805 [main] WARN  o.s.b.w.r.c.AnnotationConfigReactiveWebServerApplicationContext - Exception encountered during context initialization - cancelling refresh attempt: org.springframework.beans.factory.UnsatisfiedDependencyException: Error creating bean with name 'apiApiController' defined in file [C:\Users\mgarcsar\Documents\Bootcamp\etregables\business-service\target\classes\com\bootcamp\business_service\api\ApiApiController.class]: Unsatisfied dependency expressed through constructor parameter 0: Error creating bean with name 'businessDelegateImpl' defined in file [C:\Users\mgarcsar\Documents\Bootcamp\etregables\business-service\target\classes\com\bootcamp\business_service\expose\BusinessDelegateImpl.class]: Unsatisfied dependency expressed through constructor parameter 2: Error creating bean with name 'reportServiceImpl' defined in file [C:\Users\mgarcsar\Documents\Bootcamp\etregables\business-service\target\classes\com\bootcamp\business_service\service\impl\ReportServiceImpl.class]: Unsatisfied dependency expressed through constructor parameter 3: Error creating bean with name 'financeConnector' defined in file [C:\Users\mgarcsar\Documents\Bootcamp\etregables\business-service\target\classes\com\bootcamp\business_service\connector\FinanceConnector.class]: Unsatisfied dependency expressed through constructor parameter 0: Error creating bean with name 'webClientFinanceApi': Injection of autowired dependencies failed 
2025-04-20 15:35:16-823 [main] INFO  o.s.b.a.l.ConditionEvaluationReportLogger - 

Error starting ApplicationContext. To display the condition evaluation report re-run your application with 'debug' enabled. 
2025-04-20 15:35:16-840 [main] ERROR o.s.boot.SpringApplication - Application run failed 
org.springframework.beans.factory.UnsatisfiedDependencyException: Error creating bean with name 'apiApiController' defined in file [C:\Users\mgarcsar\Documents\Bootcamp\etregables\business-service\target\classes\com\bootcamp\business_service\api\ApiApiController.class]: Unsatisfied dependency expressed through constructor parameter 0: Error creating bean with name 'businessDelegateImpl' defined in file [C:\Users\mgarcsar\Documents\Bootcamp\etregables\business-service\target\classes\com\bootcamp\business_service\expose\BusinessDelegateImpl.class]: Unsatisfied dependency expressed through constructor parameter 2: Error creating bean with name 'reportServiceImpl' defined in file [C:\Users\mgarcsar\Documents\Bootcamp\etregables\business-service\target\classes\com\bootcamp\business_service\service\impl\ReportServiceImpl.class]: Unsatisfied dependency expressed through constructor parameter 3: Error creating bean with name 'financeConnector' defined in file [C:\Users\mgarcsar\Documents\Bootcamp\etregables\business-service\target\classes\com\bootcamp\business_service\connector\FinanceConnector.class]: Unsatisfied dependency expressed through constructor parameter 0: Error creating bean with name 'webClientFinanceApi': Injection of autowired dependencies failed
	at org.springframework.beans.factory.support.ConstructorResolver.createArgumentArray(ConstructorResolver.java:804)
	at org.springframework.beans.factory.support.ConstructorResolver.autowireConstructor(ConstructorResolver.java:240)
	at org.springframework.beans.factory.support.AbstractAutowireCapableBeanFactory.autowireConstructor(AbstractAutowireCapableBeanFactory.java:1381)
	at org.springframework.beans.factory.support.AbstractAutowireCapableBeanFactory.createBeanInstance(AbstractAutowireCapableBeanFactory.java:1218)
	at org.springframework.beans.factory.support.AbstractAutowireCapableBeanFactory.doCreateBean(AbstractAutowireCapableBeanFactory.java:563)
	at org.springframework.beans.factory.support.AbstractAutowireCapableBeanFactory.createBean(AbstractAutowireCapableBeanFactory.java:523)
	at org.springframework.beans.factory.support.AbstractBeanFactory.lambda$doGetBean$0(AbstractBeanFactory.java:339)
	at org.springframework.beans.factory.support.DefaultSingletonBeanRegistry.getSingleton(DefaultSingletonBeanRegistry.java:347)
	at org.springframework.beans.factory.support.AbstractBeanFactory.doGetBean(AbstractBeanFactory.java:337)
	at org.springframework.beans.factory.support.AbstractBeanFactory.getBean(AbstractBeanFactory.java:202)
	at org.springframework.beans.factory.support.DefaultListableBeanFactory.instantiateSingleton(DefaultListableBeanFactory.java:1155)
	at org.springframework.beans.factory.support.DefaultListableBeanFactory.preInstantiateSingleton(DefaultListableBeanFactory.java:1121)
	at org.springframework.beans.factory.support.DefaultListableBeanFactory.preInstantiateSingletons(DefaultListableBeanFactory.java:1056)
	at org.springframework.context.support.AbstractApplicationContext.finishBeanFactoryInitialization(AbstractApplicationContext.java:987)
	at org.springframework.context.support.AbstractApplicationContext.refresh(AbstractApplicationContext.java:627)
	at org.springframework.boot.web.reactive.context.ReactiveWebServerApplicationContext.refresh(ReactiveWebServerApplicationContext.java:66)
	at org.springframework.boot.SpringApplication.refresh(SpringApplication.java:752)
	at org.springframework.boot.SpringApplication.refreshContext(SpringApplication.java:439)
	at org.springframework.boot.SpringApplication.run(SpringApplication.java:318)
	at org.springframework.boot.SpringApplication.run(SpringApplication.java:1361)
	at org.springframework.boot.SpringApplication.run(SpringApplication.java:1350)
	at com.bootcamp.business_service.BusinessServiceApplication.main(BusinessServiceApplication.java:10)
Caused by: org.springframework.beans.factory.UnsatisfiedDependencyException: Error creating bean with name 'businessDelegateImpl' defined in file [C:\Users\mgarcsar\Documents\Bootcamp\etregables\business-service\target\classes\com\bootcamp\business_service\expose\BusinessDelegateImpl.class]: Unsatisfied dependency expressed through constructor parameter 2: Error creating bean with name 'reportServiceImpl' defined in file [C:\Users\mgarcsar\Documents\Bootcamp\etregables\business-service\target\classes\com\bootcamp\business_service\service\impl\ReportServiceImpl.class]: Unsatisfied dependency expressed through constructor parameter 3: Error creating bean with name 'financeConnector' defined in file [C:\Users\mgarcsar\Documents\Bootcamp\etregables\business-service\target\classes\com\bootcamp\business_service\connector\FinanceConnector.class]: Unsatisfied dependency expressed through constructor parameter 0: Error creating bean with name 'webClientFinanceApi': Injection of autowired dependencies failed
	at org.springframework.beans.factory.support.ConstructorResolver.createArgumentArray(ConstructorResolver.java:804)
	at org.springframework.beans.factory.support.ConstructorResolver.autowireConstructor(ConstructorResolver.java:240)
	at org.springframework.beans.factory.support.AbstractAutowireCapableBeanFactory.autowireConstructor(AbstractAutowireCapableBeanFactory.java:1381)
	at org.springframework.beans.factory.support.AbstractAutowireCapableBeanFactory.createBeanInstance(AbstractAutowireCapableBeanFactory.java:1218)
	at org.springframework.beans.factory.support.AbstractAutowireCapableBeanFactory.doCreateBean(AbstractAutowireCapableBeanFactory.java:563)
	at org.springframework.beans.factory.support.AbstractAutowireCapableBeanFactory.createBean(AbstractAutowireCapableBeanFactory.java:523)
	at org.springframework.beans.factory.support.AbstractBeanFactory.lambda$doGetBean$0(AbstractBeanFactory.java:339)
	at org.springframework.beans.factory.support.DefaultSingletonBeanRegistry.getSingleton(DefaultSingletonBeanRegistry.java:347)
	at org.springframework.beans.factory.support.AbstractBeanFactory.doGetBean(AbstractBeanFactory.java:337)
	at org.springframework.beans.factory.support.AbstractBeanFactory.getBean(AbstractBeanFactory.java:202)
	at org.springframework.beans.factory.config.DependencyDescriptor.resolveCandidate(DependencyDescriptor.java:254)
	at org.springframework.beans.factory.support.DefaultListableBeanFactory.doResolveDependency(DefaultListableBeanFactory.java:1667)
	at org.springframework.beans.factory.support.DefaultListableBeanFactory.resolveDependency(DefaultListableBeanFactory.java:1555)
	at org.springframework.beans.factory.support.ConstructorResolver.resolveAutowiredArgument(ConstructorResolver.java:913)
	at org.springframework.beans.factory.support.ConstructorResolver.createArgumentArray(ConstructorResolver.java:791)
	... 21 common frames omitted
Caused by: org.springframework.beans.factory.UnsatisfiedDependencyException: Error creating bean with name 'reportServiceImpl' defined in file [C:\Users\mgarcsar\Documents\Bootcamp\etregables\business-service\target\classes\com\bootcamp\business_service\service\impl\ReportServiceImpl.class]: Unsatisfied dependency expressed through constructor parameter 3: Error creating bean with name 'financeConnector' defined in file [C:\Users\mgarcsar\Documents\Bootcamp\etregables\business-service\target\classes\com\bootcamp\business_service\connector\FinanceConnector.class]: Unsatisfied dependency expressed through constructor parameter 0: Error creating bean with name 'webClientFinanceApi': Injection of autowired dependencies failed
	at org.springframework.beans.factory.support.ConstructorResolver.createArgumentArray(ConstructorResolver.java:804)
	at org.springframework.beans.factory.support.ConstructorResolver.autowireConstructor(ConstructorResolver.java:240)
	at org.springframework.beans.factory.support.AbstractAutowireCapableBeanFactory.autowireConstructor(AbstractAutowireCapableBeanFactory.java:1381)
	at org.springframework.beans.factory.support.AbstractAutowireCapableBeanFactory.createBeanInstance(AbstractAutowireCapableBeanFactory.java:1218)
	at org.springframework.beans.factory.support.AbstractAutowireCapableBeanFactory.doCreateBean(AbstractAutowireCapableBeanFactory.java:563)
	at org.springframework.beans.factory.support.AbstractAutowireCapableBeanFactory.createBean(AbstractAutowireCapableBeanFactory.java:523)
	at org.springframework.beans.factory.support.AbstractBeanFactory.lambda$doGetBean$0(AbstractBeanFactory.java:339)
	at org.springframework.beans.factory.support.DefaultSingletonBeanRegistry.getSingleton(DefaultSingletonBeanRegistry.java:347)
	at org.springframework.beans.factory.support.AbstractBeanFactory.doGetBean(AbstractBeanFactory.java:337)
	at org.springframework.beans.factory.support.AbstractBeanFactory.getBean(AbstractBeanFactory.java:202)
	at org.springframework.beans.factory.config.DependencyDescriptor.resolveCandidate(DependencyDescriptor.java:254)
	at org.springframework.beans.factory.support.DefaultListableBeanFactory.doResolveDependency(DefaultListableBeanFactory.java:1667)
	at org.springframework.beans.factory.support.DefaultListableBeanFactory.resolveDependency(DefaultListableBeanFactory.java:1555)
	at org.springframework.beans.factory.support.ConstructorResolver.resolveAutowiredArgument(ConstructorResolver.java:913)
	at org.springframework.beans.factory.support.ConstructorResolver.createArgumentArray(ConstructorResolver.java:791)
	... 35 common frames omitted
Caused by: org.springframework.beans.factory.UnsatisfiedDependencyException: Error creating bean with name 'financeConnector' defined in file [C:\Users\mgarcsar\Documents\Bootcamp\etregables\business-service\target\classes\com\bootcamp\business_service\connector\FinanceConnector.class]: Unsatisfied dependency expressed through constructor parameter 0: Error creating bean with name 'webClientFinanceApi': Injection of autowired dependencies failed
	at org.springframework.beans.factory.support.ConstructorResolver.createArgumentArray(ConstructorResolver.java:804)
	at org.springframework.beans.factory.support.ConstructorResolver.autowireConstructor(ConstructorResolver.java:240)
	at org.springframework.beans.factory.support.AbstractAutowireCapableBeanFactory.autowireConstructor(AbstractAutowireCapableBeanFactory.java:1381)
	at org.springframework.beans.factory.support.AbstractAutowireCapableBeanFactory.createBeanInstance(AbstractAutowireCapableBeanFactory.java:1218)
	at org.springframework.beans.factory.support.AbstractAutowireCapableBeanFactory.doCreateBean(AbstractAutowireCapableBeanFactory.java:563)
	at org.springframework.beans.factory.support.AbstractAutowireCapableBeanFactory.createBean(AbstractAutowireCapableBeanFactory.java:523)
	at org.springframework.beans.factory.support.AbstractBeanFactory.lambda$doGetBean$0(AbstractBeanFactory.java:339)
	at org.springframework.beans.factory.support.DefaultSingletonBeanRegistry.getSingleton(DefaultSingletonBeanRegistry.java:347)
	at org.springframework.beans.factory.support.AbstractBeanFactory.doGetBean(AbstractBeanFactory.java:337)
	at org.springframework.beans.factory.support.AbstractBeanFactory.getBean(AbstractBeanFactory.java:202)
	at org.springframework.beans.factory.support.DefaultListableBeanFactory.doResolveDependency(DefaultListableBeanFactory.java:1609)
	at org.springframework.beans.factory.support.DefaultListableBeanFactory.resolveDependency(DefaultListableBeanFactory.java:1555)
	at org.springframework.beans.factory.support.ConstructorResolver.resolveAutowiredArgument(ConstructorResolver.java:913)
	at org.springframework.beans.factory.support.ConstructorResolver.createArgumentArray(ConstructorResolver.java:791)
	... 49 common frames omitted
Caused by: org.springframework.beans.factory.BeanCreationException: Error creating bean with name 'webClientFinanceApi': Injection of autowired dependencies failed
	at org.springframework.beans.factory.annotation.AutowiredAnnotationBeanPostProcessor.postProcessProperties(AutowiredAnnotationBeanPostProcessor.java:515)
	at org.springframework.beans.factory.support.AbstractAutowireCapableBeanFactory.populateBean(AbstractAutowireCapableBeanFactory.java:1445)
	at org.springframework.beans.factory.support.AbstractAutowireCapableBeanFactory.doCreateBean(AbstractAutowireCapableBeanFactory.java:600)
	at org.springframework.beans.factory.support.AbstractAutowireCapableBeanFactory.createBean(AbstractAutowireCapableBeanFactory.java:523)
	at org.springframework.beans.factory.support.AbstractBeanFactory.lambda$doGetBean$0(AbstractBeanFactory.java:339)
	at org.springframework.beans.factory.support.DefaultSingletonBeanRegistry.getSingleton(DefaultSingletonBeanRegistry.java:347)
	at org.springframework.beans.factory.support.AbstractBeanFactory.doGetBean(AbstractBeanFactory.java:337)
	at org.springframework.beans.factory.support.AbstractBeanFactory.getBean(AbstractBeanFactory.java:202)
	at org.springframework.beans.factory.support.ConstructorResolver.instantiateUsingFactoryMethod(ConstructorResolver.java:413)
	at org.springframework.beans.factory.support.AbstractAutowireCapableBeanFactory.instantiateUsingFactoryMethod(AbstractAutowireCapableBeanFactory.java:1361)
	at org.springframework.beans.factory.support.AbstractAutowireCapableBeanFactory.createBeanInstance(AbstractAutowireCapableBeanFactory.java:1191)
	at org.springframework.beans.factory.support.AbstractAutowireCapableBeanFactory.doCreateBean(AbstractAutowireCapableBeanFactory.java:563)
	at org.springframework.beans.factory.support.AbstractAutowireCapableBeanFactory.createBean(AbstractAutowireCapableBeanFactory.java:523)
	at org.springframework.beans.factory.support.AbstractBeanFactory.lambda$doGetBean$0(AbstractBeanFactory.java:339)
	at org.springframework.beans.factory.support.DefaultSingletonBeanRegistry.getSingleton(DefaultSingletonBeanRegistry.java:347)
	at org.springframework.beans.factory.support.AbstractBeanFactory.doGetBean(AbstractBeanFactory.java:337)
	at org.springframework.beans.factory.support.AbstractBeanFactory.getBean(AbstractBeanFactory.java:202)
	at org.springframework.beans.factory.support.DefaultListableBeanFactory.doResolveDependency(DefaultListableBeanFactory.java:1609)
	at org.springframework.beans.factory.support.DefaultListableBeanFactory.resolveDependency(DefaultListableBeanFactory.java:1555)
	at org.springframework.beans.factory.support.ConstructorResolver.resolveAutowiredArgument(ConstructorResolver.java:913)
	at org.springframework.beans.factory.support.ConstructorResolver.createArgumentArray(ConstructorResolver.java:791)
	... 62 common frames omitted
Caused by: org.springframework.util.PlaceholderResolutionException: Could not resolve placeholder 'client.finance.service' in value "${client.finance.service}"
	at org.springframework.util.PlaceholderResolutionException.withValue(PlaceholderResolutionException.java:81)
	at org.springframework.util.PlaceholderParser$ParsedValue.resolve(PlaceholderParser.java:423)
	at org.springframework.util.PlaceholderParser.replacePlaceholders(PlaceholderParser.java:128)
	at org.springframework.util.PropertyPlaceholderHelper.parseStringValue(PropertyPlaceholderHelper.java:118)
	at org.springframework.util.PropertyPlaceholderHelper.replacePlaceholders(PropertyPlaceholderHelper.java:114)
	at org.springframework.core.env.AbstractPropertyResolver.doResolvePlaceholders(AbstractPropertyResolver.java:255)
	at org.springframework.core.env.AbstractPropertyResolver.resolveRequiredPlaceholders(AbstractPropertyResolver.java:226)
	at org.springframework.context.support.PropertySourcesPlaceholderConfigurer.lambda$processProperties$0(PropertySourcesPlaceholderConfigurer.java:201)
	at org.springframework.beans.factory.support.AbstractBeanFactory.resolveEmbeddedValue(AbstractBeanFactory.java:971)
	at org.springframework.beans.factory.support.DefaultListableBeanFactory.doResolveDependency(DefaultListableBeanFactory.java:1577)
	at org.springframework.beans.factory.support.DefaultListableBeanFactory.resolveDependency(DefaultListableBeanFactory.java:1555)
	at org.springframework.beans.factory.annotation.AutowiredAnnotationBeanPostProcessor$AutowiredFieldElement.resolveFieldValue(AutowiredAnnotationBeanPostProcessor.java:785)
	at org.springframework.beans.factory.annotation.AutowiredAnnotationBeanPostProcessor$AutowiredFieldElement.inject(AutowiredAnnotationBeanPostProcessor.java:768)
	at org.springframework.beans.factory.annotation.InjectionMetadata.inject(InjectionMetadata.java:146)
	at org.springframework.beans.factory.annotation.AutowiredAnnotationBeanPostProcessor.postProcessProperties(AutowiredAnnotationBeanPostProcessor.java:509)
	... 82 common frames omitted
2025-04-20 15:36:20-578 [background-preinit] INFO  o.h.validator.internal.util.Version - HV000001: Hibernate Validator 8.0.2.Final 
2025-04-20 15:36:20-620 [main] INFO  c.b.b.BusinessServiceApplication - Starting BusinessServiceApplication using Java 17.0.12 with PID 23132 (C:\Users\mgarcsar\Documents\Bootcamp\etregables\business-service\target\classes started by mgarcsar in C:\Users\mgarcsar\Documents\Bootcamp\etregables\business-service) 
2025-04-20 15:36:20-620 [main] INFO  c.b.b.BusinessServiceApplication - The following 1 profile is active: "local" 
2025-04-20 15:36:20-653 [main] INFO  o.s.c.c.c.ConfigServerConfigDataLoader - Fetching config from server at : http://localhost:8888 
2025-04-20 15:36:20-653 [main] INFO  o.s.c.c.c.ConfigServerConfigDataLoader - Located environment: name=business-service, profiles=[default], label=null, version=5948961345ff92c7a8feec89a952e9773d3de713, state= 
2025-04-20 15:36:20-653 [main] INFO  o.s.c.c.c.ConfigServerConfigDataLoader - Fetching config from server at : http://localhost:8888 
2025-04-20 15:36:20-653 [main] INFO  o.s.c.c.c.ConfigServerConfigDataLoader - Located environment: name=business-service, profiles=[local], label=null, version=5948961345ff92c7a8feec89a952e9773d3de713, state= 
2025-04-20 15:36:21-857 [main] INFO  o.s.cloud.context.scope.GenericScope - BeanFactory id=3a22edfb-ee61-33fe-94a2-bcf8fbe89c21 
2025-04-20 15:36:24-657 [main] INFO  o.s.b.a.e.web.EndpointLinksResolver - Exposing 3 endpoints beneath base path '/actuator' 
2025-04-20 15:36:25-564 [main] INFO  o.s.c.n.e.c.DiscoveryClientOptionalArgsConfiguration - Eureka HTTP Client uses RestTemplate. 
2025-04-20 15:36:25-676 [main] WARN  o.s.c.l.c.LoadBalancerCacheAutoConfiguration$LoadBalancerCaffeineWarnLogger - Spring Cloud LoadBalancer is currently working with the default cache. While this cache implementation is useful for development and tests, it's recommended to use Caffeine cache in production.You can switch to using Caffeine cache, by adding it and org.springframework.cache.caffeine.CaffeineCacheManager to the classpath. 
2025-04-20 15:36:25-753 [main] INFO  o.s.c.n.eureka.InstanceInfoFactory - Setting initial instance status as: STARTING 
2025-04-20 15:36:25-780 [main] INFO  c.netflix.discovery.DiscoveryClient - Initializing Eureka in region us-east-1 
2025-04-20 15:36:25-784 [main] INFO  c.n.d.s.r.aws.ConfigClusterResolver - Resolving eureka endpoints via configuration 
2025-04-20 15:36:25-794 [main] INFO  c.netflix.discovery.DiscoveryClient - Disable delta property : false 
2025-04-20 15:36:25-794 [main] INFO  c.netflix.discovery.DiscoveryClient - Single vip registry refresh property : null 
2025-04-20 15:36:25-794 [main] INFO  c.netflix.discovery.DiscoveryClient - Force full registry fetch : false 
2025-04-20 15:36:25-794 [main] INFO  c.netflix.discovery.DiscoveryClient - Application is null : false 
2025-04-20 15:36:25-794 [main] INFO  c.netflix.discovery.DiscoveryClient - Registered Applications size is zero : true 
2025-04-20 15:36:25-794 [main] INFO  c.netflix.discovery.DiscoveryClient - Application version is -1: true 
2025-04-20 15:36:25-794 [main] INFO  c.netflix.discovery.DiscoveryClient - Getting all instance registry info from the eureka server 
2025-04-20 15:36:26-068 [main] INFO  c.netflix.discovery.DiscoveryClient - The response status is 200 
2025-04-20 15:36:26-070 [main] INFO  c.netflix.discovery.DiscoveryClient - Starting heartbeat executor: renew interval is: 30 
2025-04-20 15:36:26-073 [main] INFO  c.n.discovery.InstanceInfoReplicator - InstanceInfoReplicator onDemand update allowed rate per min is 4 
2025-04-20 15:36:26-075 [main] INFO  c.netflix.discovery.DiscoveryClient - Discovery Client initialized at timestamp 1745181386075 with initial instances count: 5 
2025-04-20 15:36:26-091 [main] INFO  o.s.c.n.e.s.EurekaServiceRegistry - Registering application BUSINESS-SERVICE with eureka with status UP 
2025-04-20 15:36:26-092 [main] INFO  c.netflix.discovery.DiscoveryClient - Saw local status change event StatusChangeEvent [timestamp=1745181386092, current=UP, previous=STARTING] 
2025-04-20 15:36:26-095 [DiscoveryClient-InstanceInfoReplicator-%d] INFO  c.netflix.discovery.DiscoveryClient - DiscoveryClient_BUSINESS-SERVICE/business-service:8585: registering service... 
2025-04-20 15:36:26-132 [DiscoveryClient-InstanceInfoReplicator-%d] INFO  c.netflix.discovery.DiscoveryClient - DiscoveryClient_BUSINESS-SERVICE/business-service:8585 - registration status: 204 
2025-04-20 15:36:26-310 [main] INFO  o.s.b.w.e.netty.NettyWebServer - Netty started on port 8585 (http) 
2025-04-20 15:36:26-312 [main] INFO  o.s.c.n.e.s.EurekaAutoServiceRegistration - Updating port to 8585 
2025-04-20 15:36:26-581 [main] INFO  c.b.b.BusinessServiceApplication - Started BusinessServiceApplication in 8.864 seconds (process running for 10.409) 
2025-04-20 15:36:33-810 [reactor-http-nio-4] INFO  c.b.b.connector.ProductConnector - API getProductByCustomerId RQ: 67ec1a41fabf6d0f4ada9865 
2025-04-20 15:36:33-827 [reactor-http-nio-4] INFO  c.b.b.config.WebClientCustomerApi - Request: GET,  http://localhost:8383/api/products/customer/67ec1a41fabf6d0f4ada9865 
2025-04-20 15:36:33-923 [reactor-http-nio-4] INFO  c.b.b.config.WebClientCustomerApi - Response status: 200 OK 
2025-04-20 15:36:33-950 [reactor-http-nio-4] INFO  c.b.b.connector.ProductConnector - API getProductByCustomerId RS {"id":"67f9cc806e374c0902dcdb73","productType":"SA","amountOfOpen":10.0,"accountNumber":"SA01-7689199523","hasPlasticCard":true,"cardNumber":"67fd7f29c1328463019a244a","createdDate":[2025,4,12],"customer":{"customerId":"67ec1a41fabf6d0f4ada9865"}} 
2025-04-20 15:36:33-951 [reactor-http-nio-4] INFO  c.b.b.connector.ProductConnector - API findBalanceByProductId RQ: 67f9cc806e374c0902dcdb73 
2025-04-20 15:36:33-954 [reactor-http-nio-4] INFO  c.b.b.config.WebClientCustomerApi - Request: GET,  http://localhost:8383/api/products/67f9cc806e374c0902dcdb73/balance 
2025-04-20 15:36:33-957 [reactor-http-nio-4] INFO  c.b.b.connector.ProductConnector - API getProductByCustomerId RS {"id":"67f9cd80200fc270ce30e284","productType":"CA","amountOfOpen":10.0,"accountNumber":"CA01-8730016551","hasPlasticCard":true,"cardNumber":"67fd7f29c1328463019a244a","createdDate":[2025,4,11],"customer":{"customerId":"67ec1a41fabf6d0f4ada9865"}} 
2025-04-20 15:36:33-957 [reactor-http-nio-4] INFO  c.b.b.connector.ProductConnector - API findBalanceByProductId RQ: 67f9cd80200fc270ce30e284 
2025-04-20 15:36:33-958 [reactor-http-nio-4] INFO  c.b.b.config.WebClientCustomerApi - Request: GET,  http://localhost:8383/api/products/67f9cd80200fc270ce30e284/balance 
2025-04-20 15:36:33-961 [reactor-http-nio-4] INFO  c.b.b.connector.ProductConnector - API getProductByCustomerId RS {"id":"67f9e1c9fe034d395c6d23b3","productType":"FA","amountOfOpen":100.0,"accountNumber":"FA01-9408688263","hasPlasticCard":true,"cardNumber":"67fd7f29c1328463019a244a","createdDate":[2025,4,11],"customer":{"customerId":"67ec1a41fabf6d0f4ada9865"}} 
2025-04-20 15:36:33-961 [reactor-http-nio-4] INFO  c.b.b.connector.ProductConnector - API findBalanceByProductId RQ: 67f9e1c9fe034d395c6d23b3 
2025-04-20 15:36:33-962 [reactor-http-nio-4] INFO  c.b.b.config.WebClientCustomerApi - Request: GET,  http://localhost:8383/api/products/67f9e1c9fe034d395c6d23b3/balance 
2025-04-20 15:36:33-966 [reactor-http-nio-4] INFO  c.b.b.connector.ProductConnector - API getProductByCustomerId RS {"id":"67fabf94ec8287214a828c9c","productType":"CC","amountOfOpen":100.0,"accountNumber":"CC01-4406914878","hasPlasticCard":true,"cardNumber":"67fd811bc1328463019a244c","createdDate":[2025,4,12],"customer":{"customerId":"67ec1a41fabf6d0f4ada9865"}} 
2025-04-20 15:36:33-966 [reactor-http-nio-4] INFO  c.b.b.connector.ProductConnector - API findBalanceByProductId RQ: 67fabf94ec8287214a828c9c 
2025-04-20 15:36:33-967 [reactor-http-nio-4] INFO  c.b.b.config.WebClientCustomerApi - Request: GET,  http://localhost:8383/api/products/67fabf94ec8287214a828c9c/balance 
2025-04-20 15:36:33-995 [reactor-http-nio-4] INFO  c.b.b.config.WebClientCustomerApi - Response status: 200 OK 
2025-04-20 15:36:34-001 [reactor-http-nio-4] INFO  c.b.b.connector.ProductConnector - API findBalanceByProductId RS: {"creditLimit":0.0,"creditLimitUsed":0.0,"creditEnabledToUse":0.0,"totalAmountInAccount":100.0} 
2025-04-20 15:36:34-003 [reactor-http-nio-4] INFO  c.b.b.connector.FinanceConnector - API Get Resumes By ProductId RQ: 67f9e1c9fe034d395c6d23b3 
2025-04-20 15:36:34-004 [reactor-http-nio-4] INFO  c.b.b.config.WebClientFinanceApi - Request: GET,  http://localhost:8686/api/finance/resumes 
2025-04-20 15:36:34-015 [reactor-http-nio-4] ERROR c.b.b.service.impl.ReportServiceImpl - Request error getReportByCustomerId block()/blockFirst()/blockLast() are blocking, which is not supported in thread reactor-http-nio-4 
2025-04-20 15:36:34-016 [reactor-http-nio-4] ERROR c.b.b.expose.BusinessDelegateImpl - Request error buildReport block()/blockFirst()/blockLast() are blocking, which is not supported in thread reactor-http-nio-4 
2025-04-20 15:36:34-028 [reactor-http-nio-4] ERROR o.s.b.a.w.r.e.AbstractErrorWebExceptionHandler - [91d58a04-1]  500 Server Error for HTTP POST "/api/business/reports" 
java.lang.IllegalStateException: block()/blockFirst()/blockLast() are blocking, which is not supported in thread reactor-http-nio-4
	at reactor.core.publisher.BlockingSingleSubscriber.blockingGet(BlockingSingleSubscriber.java:87)
	Suppressed: reactor.core.publisher.FluxOnAssembly$OnAssemblyException: 
Assembly trace from producer [reactor.core.publisher.MonoMapFuseable] :
	reactor.core.publisher.Mono.map(Mono.java:3490)
	com.bootcamp.business_service.service.impl.ReportServiceImpl.lambda$getReportByCustomerId$2(ReportServiceImpl.java:47)
Error has been observed at the following site(s):
	*____________Mono.map ⇢ at com.bootcamp.business_service.service.impl.ReportServiceImpl.lambda$getReportByCustomerId$2(ReportServiceImpl.java:47)
	*________Flux.flatMap ⇢ at com.bootcamp.business_service.service.impl.ReportServiceImpl.getReportByCustomerId(ReportServiceImpl.java:44)
	|_   Flux.collectList ⇢ at com.bootcamp.business_service.service.impl.ReportServiceImpl.getReportByCustomerId(ReportServiceImpl.java:65)
	|_       Mono.flatMap ⇢ at com.bootcamp.business_service.service.impl.ReportServiceImpl.getReportByCustomerId(ReportServiceImpl.java:66)
	|_   Mono.doOnSuccess ⇢ at com.bootcamp.business_service.service.impl.ReportServiceImpl.getReportByCustomerId(ReportServiceImpl.java:85)
	|_     Mono.doOnError ⇢ at com.bootcamp.business_service.service.impl.ReportServiceImpl.getReportByCustomerId(ReportServiceImpl.java:86)
	*________Mono.flatMap ⇢ at com.bootcamp.business_service.expose.BusinessDelegateImpl.buildReport(BusinessDelegateImpl.java:69)
	|_           Mono.map ⇢ at com.bootcamp.business_service.expose.BusinessDelegateImpl.buildReport(BusinessDelegateImpl.java:76)
	|_     Mono.doOnError ⇢ at com.bootcamp.business_service.expose.BusinessDelegateImpl.buildReport(BusinessDelegateImpl.java:77)
	|_       Mono.flatMap ⇢ at org.springframework.web.reactive.result.method.annotation.ResponseEntityResultHandler.handleResult(ResponseEntityResultHandler.java:151)
	|_         checkpoint ⇢ Handler com.bootcamp.business_service.api.ApiApiController#buildReport(Mono, ServerWebExchange) [DispatcherHandler]
	|_ Mono.onErrorResume ⇢ at org.springframework.web.reactive.DispatcherHandler.lambda$handleResultMono$7(DispatcherHandler.java:176)
	*________Mono.flatMap ⇢ at org.springframework.web.reactive.DispatcherHandler.lambda$handleResultMono$6(DispatcherHandler.java:177)
	*________Mono.flatMap ⇢ at org.springframework.web.reactive.DispatcherHandler.handleResultMono(DispatcherHandler.java:172)
	*________Mono.flatMap ⇢ at org.springframework.web.reactive.DispatcherHandler.handle(DispatcherHandler.java:154)
	*__________Mono.defer ⇢ at org.springframework.web.server.handler.DefaultWebFilterChain.filter(DefaultWebFilterChain.java:106)
	|_     Mono.doOnError ⇢ at org.springframework.web.server.handler.ExceptionHandlingWebHandler.handle(ExceptionHandlingWebHandler.java:84)
	|_ Mono.onErrorResume ⇢ at org.springframework.web.server.handler.ExceptionHandlingWebHandler.handle(ExceptionHandlingWebHandler.java:85)
	|_     Mono.doOnError ⇢ at org.springframework.web.server.handler.ExceptionHandlingWebHandler.handle(ExceptionHandlingWebHandler.java:84)
	*__________Mono.error ⇢ at org.springframework.web.server.handler.ExceptionHandlingWebHandler$CheckpointInsertingHandler.handle(ExceptionHandlingWebHandler.java:106)
	|_         checkpoint ⇢ HTTP POST "/api/business/reports" [ExceptionHandlingWebHandler]
Original Stack Trace:
		at reactor.core.publisher.BlockingSingleSubscriber.blockingGet(BlockingSingleSubscriber.java:87)
		at reactor.core.publisher.Mono.block(Mono.java:1779)
		at com.bootcamp.business_service.service.impl.ReportServiceImpl.getAverage(ReportServiceImpl.java:98)
		at com.bootcamp.business_service.service.impl.ReportServiceImpl.lambda$getReportByCustomerId$1(ReportServiceImpl.java:58)
		at reactor.core.publisher.FluxMapFuseable$MapFuseableSubscriber.onNext(FluxMapFuseable.java:113)
		at reactor.core.publisher.FluxOnErrorResume$ResumeSubscriber.onNext(FluxOnErrorResume.java:79)
		at io.github.resilience4j.reactor.circuitbreaker.operator.CircuitBreakerSubscriber.hookOnNext(CircuitBreakerSubscriber.java:59)
		at reactor.core.publisher.BaseSubscriber.onNext(BaseSubscriber.java:160)
		at reactor.core.publisher.MonoPeekTerminal$MonoTerminalPeekSubscriber.onNext(MonoPeekTerminal.java:180)
		at reactor.core.publisher.FluxPeekFuseable$PeekFuseableConditionalSubscriber.onNext(FluxPeekFuseable.java:503)
		at reactor.core.publisher.MonoFlatMap$FlatMapMain.secondComplete(MonoFlatMap.java:245)
		at reactor.core.publisher.MonoFlatMap$FlatMapInner.onNext(MonoFlatMap.java:305)
		at reactor.core.publisher.FluxOnErrorResume$ResumeSubscriber.onNext(FluxOnErrorResume.java:79)
		at reactor.core.publisher.MonoFlatMap$FlatMapMain.onNext(MonoFlatMap.java:158)
		at reactor.core.publisher.FluxContextWrite$ContextWriteSubscriber.onNext(FluxContextWrite.java:107)
		at reactor.core.publisher.FluxMapFuseable$MapFuseableConditionalSubscriber.onNext(FluxMapFuseable.java:299)
		at reactor.core.publisher.FluxFilterFuseable$FilterFuseableConditionalSubscriber.onNext(FluxFilterFuseable.java:337)
		at reactor.core.publisher.Operators$BaseFluxToMonoOperator.completePossiblyEmpty(Operators.java:2097)
		at reactor.core.publisher.MonoCollect$CollectSubscriber.onComplete(MonoCollect.java:145)
		at reactor.core.publisher.FluxMapFuseable$MapFuseableSubscriber.onComplete(FluxMapFuseable.java:152)
		at reactor.core.publisher.FluxPeekFuseable$PeekFuseableSubscriber.onComplete(FluxPeekFuseable.java:277)
		at reactor.core.publisher.FluxMap$MapSubscriber.onComplete(FluxMap.java:144)
		at reactor.netty.channel.FluxReceive.onInboundComplete(FluxReceive.java:413)
		at reactor.netty.channel.ChannelOperations.onInboundComplete(ChannelOperations.java:455)
		at reactor.netty.channel.ChannelOperations.terminate(ChannelOperations.java:509)
		at reactor.netty.http.client.HttpClientOperations.onInboundNext(HttpClientOperations.java:824)
		at reactor.netty.channel.ChannelOperationsHandler.channelRead(ChannelOperationsHandler.java:115)
		at io.netty.channel.AbstractChannelHandlerContext.invokeChannelRead(AbstractChannelHandlerContext.java:444)
		at io.netty.channel.AbstractChannelHandlerContext.invokeChannelRead(AbstractChannelHandlerContext.java:420)
		at io.netty.channel.AbstractChannelHandlerContext.fireChannelRead(AbstractChannelHandlerContext.java:412)
		at io.netty.handler.codec.MessageToMessageDecoder.channelRead(MessageToMessageDecoder.java:107)
		at io.netty.channel.AbstractChannelHandlerContext.invokeChannelRead(AbstractChannelHandlerContext.java:444)
		at io.netty.channel.AbstractChannelHandlerContext.invokeChannelRead(AbstractChannelHandlerContext.java:420)
		at io.netty.channel.AbstractChannelHandlerContext.fireChannelRead(AbstractChannelHandlerContext.java:412)
		at io.netty.channel.CombinedChannelDuplexHandler$DelegatingChannelHandlerContext.fireChannelRead(CombinedChannelDuplexHandler.java:436)
		at io.netty.handler.codec.ByteToMessageDecoder.fireChannelRead(ByteToMessageDecoder.java:346)
		at io.netty.handler.codec.ByteToMessageDecoder.channelRead(ByteToMessageDecoder.java:318)
		at io.netty.channel.CombinedChannelDuplexHandler.channelRead(CombinedChannelDuplexHandler.java:251)
		at io.netty.channel.AbstractChannelHandlerContext.invokeChannelRead(AbstractChannelHandlerContext.java:442)
		at io.netty.channel.AbstractChannelHandlerContext.invokeChannelRead(AbstractChannelHandlerContext.java:420)
		at io.netty.channel.AbstractChannelHandlerContext.fireChannelRead(AbstractChannelHandlerContext.java:412)
		at io.netty.channel.DefaultChannelPipeline$HeadContext.channelRead(DefaultChannelPipeline.java:1357)
		at io.netty.channel.AbstractChannelHandlerContext.invokeChannelRead(AbstractChannelHandlerContext.java:440)
		at io.netty.channel.AbstractChannelHandlerContext.invokeChannelRead(AbstractChannelHandlerContext.java:420)
		at io.netty.channel.DefaultChannelPipeline.fireChannelRead(DefaultChannelPipeline.java:868)
		at io.netty.channel.nio.AbstractNioByteChannel$NioByteUnsafe.read(AbstractNioByteChannel.java:166)
		at io.netty.channel.nio.NioEventLoop.processSelectedKey(NioEventLoop.java:796)
		at io.netty.channel.nio.NioEventLoop.processSelectedKeysOptimized(NioEventLoop.java:732)
		at io.netty.channel.nio.NioEventLoop.processSelectedKeys(NioEventLoop.java:658)
		at io.netty.channel.nio.NioEventLoop.run(NioEventLoop.java:562)
		at io.netty.util.concurrent.SingleThreadEventExecutor$4.run(SingleThreadEventExecutor.java:998)
		at io.netty.util.internal.ThreadExecutorMap$2.run(ThreadExecutorMap.java:74)
		at io.netty.util.concurrent.FastThreadLocalRunnable.run(FastThreadLocalRunnable.java:30)
		at java.base/java.lang.Thread.run(Thread.java:842)
2025-04-20 15:36:34-099 [reactor-http-nio-4] INFO  c.b.b.config.WebClientFinanceApi - Response status: 405 METHOD_NOT_ALLOWED 
2025-04-20 15:36:34-117 [reactor-http-nio-4] ERROR c.b.b.connector.FinanceConnector - API error get Resumes By ProductId 405 Method Not Allowed from GET http://localhost:8686/api/finance/resumes 
2025-04-20 15:41:25-814 [AsyncResolver-bootstrap-executor-%d] INFO  c.n.d.s.r.aws.ConfigClusterResolver - Resolving eureka endpoints via configuration 
2025-04-20 15:41:46-954 [SpringApplicationShutdownHook] INFO  o.s.c.n.e.s.EurekaServiceRegistry - Unregistering application BUSINESS-SERVICE with eureka with status DOWN 
2025-04-20 15:41:46-954 [SpringApplicationShutdownHook] INFO  c.netflix.discovery.DiscoveryClient - Saw local status change event StatusChangeEvent [timestamp=1745181706954, current=DOWN, previous=UP] 
2025-04-20 15:41:46-955 [DiscoveryClient-InstanceInfoReplicator-%d] INFO  c.netflix.discovery.DiscoveryClient - DiscoveryClient_BUSINESS-SERVICE/business-service:8585: registering service... 
2025-04-20 15:41:46-961 [SpringApplicationShutdownHook] INFO  o.s.b.w.e.netty.GracefulShutdown - Commencing graceful shutdown. Waiting for active requests to complete 
2025-04-20 15:41:46-966 [netty-shutdown] INFO  o.s.b.w.e.netty.GracefulShutdown - Graceful shutdown complete 
2025-04-20 15:41:46-974 [DiscoveryClient-InstanceInfoReplicator-%d] INFO  c.netflix.discovery.DiscoveryClient - DiscoveryClient_BUSINESS-SERVICE/business-service:8585 - registration status: 204 
2025-04-20 15:46:02-582 [background-preinit] INFO  o.h.validator.internal.util.Version - HV000001: Hibernate Validator 8.0.2.Final 
2025-04-20 15:46:02-643 [main] INFO  c.b.b.BusinessServiceApplication - Starting BusinessServiceApplication using Java 17.0.12 with PID 4472 (C:\Users\mgarcsar\Documents\Bootcamp\etregables\business-service\target\classes started by mgarcsar in C:\Users\mgarcsar\Documents\Bootcamp\etregables\business-service) 
2025-04-20 15:46:02-644 [main] INFO  c.b.b.BusinessServiceApplication - The following 1 profile is active: "local" 
2025-04-20 15:46:02-693 [main] INFO  o.s.c.c.c.ConfigServerConfigDataLoader - Fetching config from server at : http://localhost:8888 
2025-04-20 15:46:02-693 [main] INFO  o.s.c.c.c.ConfigServerConfigDataLoader - Located environment: name=business-service, profiles=[default], label=null, version=5948961345ff92c7a8feec89a952e9773d3de713, state= 
2025-04-20 15:46:02-694 [main] INFO  o.s.c.c.c.ConfigServerConfigDataLoader - Fetching config from server at : http://localhost:8888 
2025-04-20 15:46:02-694 [main] INFO  o.s.c.c.c.ConfigServerConfigDataLoader - Located environment: name=business-service, profiles=[local], label=null, version=5948961345ff92c7a8feec89a952e9773d3de713, state= 
2025-04-20 15:46:04-667 [main] INFO  o.s.cloud.context.scope.GenericScope - BeanFactory id=3a22edfb-ee61-33fe-94a2-bcf8fbe89c21 
2025-04-20 15:46:07-841 [main] INFO  o.s.b.a.e.web.EndpointLinksResolver - Exposing 3 endpoints beneath base path '/actuator' 
2025-04-20 15:46:08-724 [main] INFO  o.s.c.n.e.c.DiscoveryClientOptionalArgsConfiguration - Eureka HTTP Client uses RestTemplate. 
2025-04-20 15:46:08-833 [main] WARN  o.s.c.l.c.LoadBalancerCacheAutoConfiguration$LoadBalancerCaffeineWarnLogger - Spring Cloud LoadBalancer is currently working with the default cache. While this cache implementation is useful for development and tests, it's recommended to use Caffeine cache in production.You can switch to using Caffeine cache, by adding it and org.springframework.cache.caffeine.CaffeineCacheManager to the classpath. 
2025-04-20 15:46:08-942 [main] INFO  o.s.c.n.eureka.InstanceInfoFactory - Setting initial instance status as: STARTING 
2025-04-20 15:46:08-974 [main] INFO  c.netflix.discovery.DiscoveryClient - Initializing Eureka in region us-east-1 
2025-04-20 15:46:08-978 [main] INFO  c.n.d.s.r.aws.ConfigClusterResolver - Resolving eureka endpoints via configuration 
2025-04-20 15:46:08-988 [main] INFO  c.netflix.discovery.DiscoveryClient - Disable delta property : false 
2025-04-20 15:46:08-989 [main] INFO  c.netflix.discovery.DiscoveryClient - Single vip registry refresh property : null 
2025-04-20 15:46:08-989 [main] INFO  c.netflix.discovery.DiscoveryClient - Force full registry fetch : false 
2025-04-20 15:46:08-989 [main] INFO  c.netflix.discovery.DiscoveryClient - Application is null : false 
2025-04-20 15:46:08-989 [main] INFO  c.netflix.discovery.DiscoveryClient - Registered Applications size is zero : true 
2025-04-20 15:46:08-989 [main] INFO  c.netflix.discovery.DiscoveryClient - Application version is -1: true 
2025-04-20 15:46:08-989 [main] INFO  c.netflix.discovery.DiscoveryClient - Getting all instance registry info from the eureka server 
2025-04-20 15:46:09-238 [main] INFO  c.netflix.discovery.DiscoveryClient - The response status is 200 
2025-04-20 15:46:09-240 [main] INFO  c.netflix.discovery.DiscoveryClient - Starting heartbeat executor: renew interval is: 30 
2025-04-20 15:46:09-243 [main] INFO  c.n.discovery.InstanceInfoReplicator - InstanceInfoReplicator onDemand update allowed rate per min is 4 
2025-04-20 15:46:09-244 [main] INFO  c.netflix.discovery.DiscoveryClient - Discovery Client initialized at timestamp 1745181969244 with initial instances count: 5 
2025-04-20 15:46:09-259 [main] INFO  o.s.c.n.e.s.EurekaServiceRegistry - Registering application BUSINESS-SERVICE with eureka with status UP 
2025-04-20 15:46:09-260 [main] INFO  c.netflix.discovery.DiscoveryClient - Saw local status change event StatusChangeEvent [timestamp=1745181969260, current=UP, previous=STARTING] 
2025-04-20 15:46:09-262 [DiscoveryClient-InstanceInfoReplicator-%d] INFO  c.netflix.discovery.DiscoveryClient - DiscoveryClient_BUSINESS-SERVICE/business-service:8585: registering service... 
2025-04-20 15:46:09-299 [DiscoveryClient-InstanceInfoReplicator-%d] INFO  c.netflix.discovery.DiscoveryClient - DiscoveryClient_BUSINESS-SERVICE/business-service:8585 - registration status: 204 
2025-04-20 15:46:09-504 [main] INFO  o.s.b.w.e.netty.NettyWebServer - Netty started on port 8585 (http) 
2025-04-20 15:46:09-505 [main] INFO  o.s.c.n.e.s.EurekaAutoServiceRegistration - Updating port to 8585 
2025-04-20 15:46:09-768 [main] INFO  c.b.b.BusinessServiceApplication - Started BusinessServiceApplication in 11.083 seconds (process running for 13.133) 
2025-04-20 15:46:45-840 [reactor-http-nio-4] INFO  c.b.b.connector.ProductConnector - API getProductByCustomerId RQ: 67ec1a41fabf6d0f4ada9865 
2025-04-20 15:46:45-857 [reactor-http-nio-4] INFO  c.b.b.config.WebClientCustomerApi - Request: GET,  http://localhost:8383/api/products/customer/67ec1a41fabf6d0f4ada9865 
2025-04-20 15:46:45-938 [reactor-http-nio-4] INFO  c.b.b.config.WebClientCustomerApi - Response status: 200 OK 
2025-04-20 15:46:45-962 [reactor-http-nio-4] INFO  c.b.b.connector.ProductConnector - API getProductByCustomerId RS {"id":"67f9cc806e374c0902dcdb73","productType":"SA","amountOfOpen":10.0,"accountNumber":"SA01-7689199523","hasPlasticCard":true,"cardNumber":"67fd7f29c1328463019a244a","createdDate":[2025,4,12],"customer":{"customerId":"67ec1a41fabf6d0f4ada9865"}} 
2025-04-20 15:46:45-962 [reactor-http-nio-4] INFO  c.b.b.connector.ProductConnector - API findBalanceByProductId RQ: 67f9cc806e374c0902dcdb73 
2025-04-20 15:46:45-965 [reactor-http-nio-4] INFO  c.b.b.config.WebClientCustomerApi - Request: GET,  http://localhost:8383/api/products/67f9cc806e374c0902dcdb73/balance 
2025-04-20 15:46:45-968 [reactor-http-nio-4] INFO  c.b.b.connector.ProductConnector - API getProductByCustomerId RS {"id":"67f9cd80200fc270ce30e284","productType":"CA","amountOfOpen":10.0,"accountNumber":"CA01-8730016551","hasPlasticCard":true,"cardNumber":"67fd7f29c1328463019a244a","createdDate":[2025,4,11],"customer":{"customerId":"67ec1a41fabf6d0f4ada9865"}} 
2025-04-20 15:46:45-969 [reactor-http-nio-4] INFO  c.b.b.connector.ProductConnector - API findBalanceByProductId RQ: 67f9cd80200fc270ce30e284 
2025-04-20 15:46:45-970 [reactor-http-nio-4] INFO  c.b.b.config.WebClientCustomerApi - Request: GET,  http://localhost:8383/api/products/67f9cd80200fc270ce30e284/balance 
2025-04-20 15:46:45-973 [reactor-http-nio-4] INFO  c.b.b.connector.ProductConnector - API getProductByCustomerId RS {"id":"67f9e1c9fe034d395c6d23b3","productType":"FA","amountOfOpen":100.0,"accountNumber":"FA01-9408688263","hasPlasticCard":true,"cardNumber":"67fd7f29c1328463019a244a","createdDate":[2025,4,11],"customer":{"customerId":"67ec1a41fabf6d0f4ada9865"}} 
2025-04-20 15:46:45-973 [reactor-http-nio-4] INFO  c.b.b.connector.ProductConnector - API findBalanceByProductId RQ: 67f9e1c9fe034d395c6d23b3 
2025-04-20 15:46:45-974 [reactor-http-nio-4] INFO  c.b.b.config.WebClientCustomerApi - Request: GET,  http://localhost:8383/api/products/67f9e1c9fe034d395c6d23b3/balance 
2025-04-20 15:46:45-976 [reactor-http-nio-4] INFO  c.b.b.connector.ProductConnector - API getProductByCustomerId RS {"id":"67fabf94ec8287214a828c9c","productType":"CC","amountOfOpen":100.0,"accountNumber":"CC01-4406914878","hasPlasticCard":true,"cardNumber":"67fd811bc1328463019a244c","createdDate":[2025,4,12],"customer":{"customerId":"67ec1a41fabf6d0f4ada9865"}} 
2025-04-20 15:46:45-976 [reactor-http-nio-4] INFO  c.b.b.connector.ProductConnector - API findBalanceByProductId RQ: 67fabf94ec8287214a828c9c 
2025-04-20 15:46:45-977 [reactor-http-nio-4] INFO  c.b.b.config.WebClientCustomerApi - Request: GET,  http://localhost:8383/api/products/67fabf94ec8287214a828c9c/balance 
2025-04-20 15:46:45-994 [reactor-http-nio-4] INFO  c.b.b.config.WebClientCustomerApi - Response status: 200 OK 
2025-04-20 15:46:45-999 [reactor-http-nio-4] INFO  c.b.b.connector.ProductConnector - API findBalanceByProductId RS: {"creditLimit":0.0,"creditLimitUsed":0.0,"creditEnabledToUse":0.0,"totalAmountInAccount":505.0} 
2025-04-20 15:46:46-010 [reactor-http-nio-4] ERROR c.b.b.service.impl.ReportServiceImpl - Request error getReportByCustomerId Unable to obtain LocalDate from TemporalAccessor: 2025-04-01T05:00:00Z of type java.time.Instant 
2025-04-20 15:46:46-010 [reactor-http-nio-4] ERROR c.b.b.expose.BusinessDelegateImpl - Request error buildReport Unable to obtain LocalDate from TemporalAccessor: 2025-04-01T05:00:00Z of type java.time.Instant 
2025-04-20 15:46:46-022 [reactor-http-nio-4] ERROR o.s.b.a.w.r.e.AbstractErrorWebExceptionHandler - [8da7aefb-1]  500 Server Error for HTTP POST "/api/business/reports" 
java.time.DateTimeException: Unable to obtain LocalDate from TemporalAccessor: 2025-04-01T05:00:00Z of type java.time.Instant
	at java.base/java.time.LocalDate.from(LocalDate.java:398)
	Suppressed: reactor.core.publisher.FluxOnAssembly$OnAssemblyException: 
Assembly trace from producer [reactor.core.publisher.MonoMapFuseable] :
	reactor.core.publisher.Mono.map(Mono.java:3490)
	com.bootcamp.business_service.service.impl.ReportServiceImpl.lambda$getReportByCustomerId$2(ReportServiceImpl.java:48)
Error has been observed at the following site(s):
	*____________Mono.map ⇢ at com.bootcamp.business_service.service.impl.ReportServiceImpl.lambda$getReportByCustomerId$2(ReportServiceImpl.java:48)
	*________Flux.flatMap ⇢ at com.bootcamp.business_service.service.impl.ReportServiceImpl.getReportByCustomerId(ReportServiceImpl.java:45)
	|_   Flux.collectList ⇢ at com.bootcamp.business_service.service.impl.ReportServiceImpl.getReportByCustomerId(ReportServiceImpl.java:66)
	|_       Mono.flatMap ⇢ at com.bootcamp.business_service.service.impl.ReportServiceImpl.getReportByCustomerId(ReportServiceImpl.java:67)
	|_   Mono.doOnSuccess ⇢ at com.bootcamp.business_service.service.impl.ReportServiceImpl.getReportByCustomerId(ReportServiceImpl.java:86)
	|_     Mono.doOnError ⇢ at com.bootcamp.business_service.service.impl.ReportServiceImpl.getReportByCustomerId(ReportServiceImpl.java:87)
	*________Mono.flatMap ⇢ at com.bootcamp.business_service.expose.BusinessDelegateImpl.buildReport(BusinessDelegateImpl.java:69)
	|_           Mono.map ⇢ at com.bootcamp.business_service.expose.BusinessDelegateImpl.buildReport(BusinessDelegateImpl.java:76)
	|_     Mono.doOnError ⇢ at com.bootcamp.business_service.expose.BusinessDelegateImpl.buildReport(BusinessDelegateImpl.java:77)
	|_       Mono.flatMap ⇢ at org.springframework.web.reactive.result.method.annotation.ResponseEntityResultHandler.handleResult(ResponseEntityResultHandler.java:151)
	|_         checkpoint ⇢ Handler com.bootcamp.business_service.api.ApiApiController#buildReport(Mono, ServerWebExchange) [DispatcherHandler]
	|_ Mono.onErrorResume ⇢ at org.springframework.web.reactive.DispatcherHandler.lambda$handleResultMono$7(DispatcherHandler.java:176)
	*________Mono.flatMap ⇢ at org.springframework.web.reactive.DispatcherHandler.lambda$handleResultMono$6(DispatcherHandler.java:177)
	*________Mono.flatMap ⇢ at org.springframework.web.reactive.DispatcherHandler.handleResultMono(DispatcherHandler.java:172)
	*________Mono.flatMap ⇢ at org.springframework.web.reactive.DispatcherHandler.handle(DispatcherHandler.java:154)
	*__________Mono.defer ⇢ at org.springframework.web.server.handler.DefaultWebFilterChain.filter(DefaultWebFilterChain.java:106)
	|_     Mono.doOnError ⇢ at org.springframework.web.server.handler.ExceptionHandlingWebHandler.handle(ExceptionHandlingWebHandler.java:84)
	|_ Mono.onErrorResume ⇢ at org.springframework.web.server.handler.ExceptionHandlingWebHandler.handle(ExceptionHandlingWebHandler.java:85)
	|_     Mono.doOnError ⇢ at org.springframework.web.server.handler.ExceptionHandlingWebHandler.handle(ExceptionHandlingWebHandler.java:84)
	*__________Mono.error ⇢ at org.springframework.web.server.handler.ExceptionHandlingWebHandler$CheckpointInsertingHandler.handle(ExceptionHandlingWebHandler.java:106)
	|_         checkpoint ⇢ HTTP POST "/api/business/reports" [ExceptionHandlingWebHandler]
Original Stack Trace:
		at java.base/java.time.LocalDate.from(LocalDate.java:398)
		at com.bootcamp.business_service.util.DateUtil.getStartDate(DateUtil.java:16)
		at com.bootcamp.business_service.service.impl.ReportServiceImpl.getAverage(ReportServiceImpl.java:92)
		at com.bootcamp.business_service.service.impl.ReportServiceImpl.lambda$getReportByCustomerId$1(ReportServiceImpl.java:59)
		at reactor.core.publisher.FluxMapFuseable$MapFuseableSubscriber.onNext(FluxMapFuseable.java:113)
		at reactor.core.publisher.FluxOnErrorResume$ResumeSubscriber.onNext(FluxOnErrorResume.java:79)
		at io.github.resilience4j.reactor.circuitbreaker.operator.CircuitBreakerSubscriber.hookOnNext(CircuitBreakerSubscriber.java:59)
		at reactor.core.publisher.BaseSubscriber.onNext(BaseSubscriber.java:160)
		at reactor.core.publisher.MonoPeekTerminal$MonoTerminalPeekSubscriber.onNext(MonoPeekTerminal.java:180)
		at reactor.core.publisher.FluxPeekFuseable$PeekFuseableConditionalSubscriber.onNext(FluxPeekFuseable.java:503)
		at reactor.core.publisher.MonoFlatMap$FlatMapMain.secondComplete(MonoFlatMap.java:245)
		at reactor.core.publisher.MonoFlatMap$FlatMapInner.onNext(MonoFlatMap.java:305)
		at reactor.core.publisher.FluxOnErrorResume$ResumeSubscriber.onNext(FluxOnErrorResume.java:79)
		at reactor.core.publisher.MonoFlatMap$FlatMapMain.onNext(MonoFlatMap.java:158)
		at reactor.core.publisher.FluxContextWrite$ContextWriteSubscriber.onNext(FluxContextWrite.java:107)
		at reactor.core.publisher.FluxMapFuseable$MapFuseableConditionalSubscriber.onNext(FluxMapFuseable.java:299)
		at reactor.core.publisher.FluxFilterFuseable$FilterFuseableConditionalSubscriber.onNext(FluxFilterFuseable.java:337)
		at reactor.core.publisher.Operators$BaseFluxToMonoOperator.completePossiblyEmpty(Operators.java:2097)
		at reactor.core.publisher.MonoCollect$CollectSubscriber.onComplete(MonoCollect.java:145)
		at reactor.core.publisher.FluxMapFuseable$MapFuseableSubscriber.onComplete(FluxMapFuseable.java:152)
		at reactor.core.publisher.FluxPeekFuseable$PeekFuseableSubscriber.onComplete(FluxPeekFuseable.java:277)
		at reactor.core.publisher.FluxMap$MapSubscriber.onComplete(FluxMap.java:144)
		at reactor.netty.channel.FluxReceive.onInboundComplete(FluxReceive.java:413)
		at reactor.netty.channel.ChannelOperations.onInboundComplete(ChannelOperations.java:455)
		at reactor.netty.channel.ChannelOperations.terminate(ChannelOperations.java:509)
		at reactor.netty.http.client.HttpClientOperations.onInboundNext(HttpClientOperations.java:824)
		at reactor.netty.channel.ChannelOperationsHandler.channelRead(ChannelOperationsHandler.java:115)
		at io.netty.channel.AbstractChannelHandlerContext.invokeChannelRead(AbstractChannelHandlerContext.java:444)
		at io.netty.channel.AbstractChannelHandlerContext.invokeChannelRead(AbstractChannelHandlerContext.java:420)
		at io.netty.channel.AbstractChannelHandlerContext.fireChannelRead(AbstractChannelHandlerContext.java:412)
		at io.netty.handler.codec.MessageToMessageDecoder.channelRead(MessageToMessageDecoder.java:107)
		at io.netty.channel.AbstractChannelHandlerContext.invokeChannelRead(AbstractChannelHandlerContext.java:444)
		at io.netty.channel.AbstractChannelHandlerContext.invokeChannelRead(AbstractChannelHandlerContext.java:420)
		at io.netty.channel.AbstractChannelHandlerContext.fireChannelRead(AbstractChannelHandlerContext.java:412)
		at io.netty.channel.CombinedChannelDuplexHandler$DelegatingChannelHandlerContext.fireChannelRead(CombinedChannelDuplexHandler.java:436)
		at io.netty.handler.codec.ByteToMessageDecoder.fireChannelRead(ByteToMessageDecoder.java:346)
		at io.netty.handler.codec.ByteToMessageDecoder.channelRead(ByteToMessageDecoder.java:318)
		at io.netty.channel.CombinedChannelDuplexHandler.channelRead(CombinedChannelDuplexHandler.java:251)
		at io.netty.channel.AbstractChannelHandlerContext.invokeChannelRead(AbstractChannelHandlerContext.java:442)
		at io.netty.channel.AbstractChannelHandlerContext.invokeChannelRead(AbstractChannelHandlerContext.java:420)
		at io.netty.channel.AbstractChannelHandlerContext.fireChannelRead(AbstractChannelHandlerContext.java:412)
		at io.netty.channel.DefaultChannelPipeline$HeadContext.channelRead(DefaultChannelPipeline.java:1357)
		at io.netty.channel.AbstractChannelHandlerContext.invokeChannelRead(AbstractChannelHandlerContext.java:440)
		at io.netty.channel.AbstractChannelHandlerContext.invokeChannelRead(AbstractChannelHandlerContext.java:420)
		at io.netty.channel.DefaultChannelPipeline.fireChannelRead(DefaultChannelPipeline.java:868)
		at io.netty.channel.nio.AbstractNioByteChannel$NioByteUnsafe.read(AbstractNioByteChannel.java:166)
		at io.netty.channel.nio.NioEventLoop.processSelectedKey(NioEventLoop.java:796)
		at io.netty.channel.nio.NioEventLoop.processSelectedKeysOptimized(NioEventLoop.java:732)
		at io.netty.channel.nio.NioEventLoop.processSelectedKeys(NioEventLoop.java:658)
		at io.netty.channel.nio.NioEventLoop.run(NioEventLoop.java:562)
		at io.netty.util.concurrent.SingleThreadEventExecutor$4.run(SingleThreadEventExecutor.java:998)
		at io.netty.util.internal.ThreadExecutorMap$2.run(ThreadExecutorMap.java:74)
		at io.netty.util.concurrent.FastThreadLocalRunnable.run(FastThreadLocalRunnable.java:30)
		at java.base/java.lang.Thread.run(Thread.java:842)
2025-04-20 15:47:37-360 [SpringApplicationShutdownHook] INFO  o.s.c.n.e.s.EurekaServiceRegistry - Unregistering application BUSINESS-SERVICE with eureka with status DOWN 
2025-04-20 15:47:37-361 [SpringApplicationShutdownHook] INFO  c.netflix.discovery.DiscoveryClient - Saw local status change event StatusChangeEvent [timestamp=1745182057361, current=DOWN, previous=UP] 
2025-04-20 15:47:37-361 [DiscoveryClient-InstanceInfoReplicator-%d] INFO  c.netflix.discovery.DiscoveryClient - DiscoveryClient_BUSINESS-SERVICE/business-service:8585: registering service... 
2025-04-20 15:47:37-366 [SpringApplicationShutdownHook] INFO  o.s.b.w.e.netty.GracefulShutdown - Commencing graceful shutdown. Waiting for active requests to complete 
2025-04-20 15:47:37-369 [DiscoveryClient-InstanceInfoReplicator-%d] INFO  c.netflix.discovery.DiscoveryClient - DiscoveryClient_BUSINESS-SERVICE/business-service:8585 - registration status: 204 
2025-04-20 15:47:37-369 [netty-shutdown] INFO  o.s.b.w.e.netty.GracefulShutdown - Graceful shutdown complete 
2025-04-20 15:48:17-117 [background-preinit] INFO  o.h.validator.internal.util.Version - HV000001: Hibernate Validator 8.0.2.Final 
2025-04-20 15:48:17-157 [main] INFO  c.b.b.BusinessServiceApplication - Starting BusinessServiceApplication using Java 17.0.12 with PID 19764 (C:\Users\mgarcsar\Documents\Bootcamp\etregables\business-service\target\classes started by mgarcsar in C:\Users\mgarcsar\Documents\Bootcamp\etregables\business-service) 
2025-04-20 15:48:17-158 [main] INFO  c.b.b.BusinessServiceApplication - The following 1 profile is active: "local" 
2025-04-20 15:48:17-205 [main] INFO  o.s.c.c.c.ConfigServerConfigDataLoader - Fetching config from server at : http://localhost:8888 
2025-04-20 15:48:17-205 [main] INFO  o.s.c.c.c.ConfigServerConfigDataLoader - Located environment: name=business-service, profiles=[default], label=null, version=5948961345ff92c7a8feec89a952e9773d3de713, state= 
2025-04-20 15:48:17-205 [main] INFO  o.s.c.c.c.ConfigServerConfigDataLoader - Fetching config from server at : http://localhost:8888 
2025-04-20 15:48:17-205 [main] INFO  o.s.c.c.c.ConfigServerConfigDataLoader - Located environment: name=business-service, profiles=[local], label=null, version=5948961345ff92c7a8feec89a952e9773d3de713, state= 
2025-04-20 15:48:18-574 [main] INFO  o.s.cloud.context.scope.GenericScope - BeanFactory id=3a22edfb-ee61-33fe-94a2-bcf8fbe89c21 
2025-04-20 15:48:21-557 [main] INFO  o.s.b.a.e.web.EndpointLinksResolver - Exposing 3 endpoints beneath base path '/actuator' 
2025-04-20 15:48:22-585 [main] INFO  o.s.c.n.e.c.DiscoveryClientOptionalArgsConfiguration - Eureka HTTP Client uses RestTemplate. 
2025-04-20 15:48:22-743 [main] WARN  o.s.c.l.c.LoadBalancerCacheAutoConfiguration$LoadBalancerCaffeineWarnLogger - Spring Cloud LoadBalancer is currently working with the default cache. While this cache implementation is useful for development and tests, it's recommended to use Caffeine cache in production.You can switch to using Caffeine cache, by adding it and org.springframework.cache.caffeine.CaffeineCacheManager to the classpath. 
2025-04-20 15:48:22-858 [main] INFO  o.s.c.n.eureka.InstanceInfoFactory - Setting initial instance status as: STARTING 
2025-04-20 15:48:22-887 [main] INFO  c.netflix.discovery.DiscoveryClient - Initializing Eureka in region us-east-1 
2025-04-20 15:48:22-892 [main] INFO  c.n.d.s.r.aws.ConfigClusterResolver - Resolving eureka endpoints via configuration 
2025-04-20 15:48:22-902 [main] INFO  c.netflix.discovery.DiscoveryClient - Disable delta property : false 
2025-04-20 15:48:22-902 [main] INFO  c.netflix.discovery.DiscoveryClient - Single vip registry refresh property : null 
2025-04-20 15:48:22-902 [main] INFO  c.netflix.discovery.DiscoveryClient - Force full registry fetch : false 
2025-04-20 15:48:22-902 [main] INFO  c.netflix.discovery.DiscoveryClient - Application is null : false 
2025-04-20 15:48:22-902 [main] INFO  c.netflix.discovery.DiscoveryClient - Registered Applications size is zero : true 
2025-04-20 15:48:22-902 [main] INFO  c.netflix.discovery.DiscoveryClient - Application version is -1: true 
2025-04-20 15:48:22-902 [main] INFO  c.netflix.discovery.DiscoveryClient - Getting all instance registry info from the eureka server 
2025-04-20 15:48:23-329 [main] INFO  c.netflix.discovery.DiscoveryClient - The response status is 200 
2025-04-20 15:48:23-333 [main] INFO  c.netflix.discovery.DiscoveryClient - Starting heartbeat executor: renew interval is: 30 
2025-04-20 15:48:23-336 [main] INFO  c.n.discovery.InstanceInfoReplicator - InstanceInfoReplicator onDemand update allowed rate per min is 4 
2025-04-20 15:48:23-340 [main] INFO  c.netflix.discovery.DiscoveryClient - Discovery Client initialized at timestamp 1745182103339 with initial instances count: 6 
2025-04-20 15:48:23-368 [main] INFO  o.s.c.n.e.s.EurekaServiceRegistry - Registering application BUSINESS-SERVICE with eureka with status UP 
2025-04-20 15:48:23-368 [main] INFO  c.netflix.discovery.DiscoveryClient - Saw local status change event StatusChangeEvent [timestamp=1745182103368, current=UP, previous=STARTING] 
2025-04-20 15:48:23-371 [DiscoveryClient-InstanceInfoReplicator-%d] INFO  c.netflix.discovery.DiscoveryClient - DiscoveryClient_BUSINESS-SERVICE/business-service:8585: registering service... 
2025-04-20 15:48:23-429 [DiscoveryClient-InstanceInfoReplicator-%d] INFO  c.netflix.discovery.DiscoveryClient - DiscoveryClient_BUSINESS-SERVICE/business-service:8585 - registration status: 204 
2025-04-20 15:48:23-749 [main] INFO  o.s.b.w.e.netty.NettyWebServer - Netty started on port 8585 (http) 
2025-04-20 15:48:23-750 [main] INFO  o.s.c.n.e.s.EurekaAutoServiceRegistration - Updating port to 8585 
2025-04-20 15:48:23-999 [main] INFO  c.b.b.BusinessServiceApplication - Started BusinessServiceApplication in 10.429 seconds (process running for 12.026) 
2025-04-20 15:48:29-633 [reactor-http-nio-4] INFO  c.b.b.connector.ProductConnector - API getProductByCustomerId RQ: 67ec1a41fabf6d0f4ada9865 
2025-04-20 15:48:29-651 [reactor-http-nio-4] INFO  c.b.b.config.WebClientCustomerApi - Request: GET,  http://localhost:8383/api/products/customer/67ec1a41fabf6d0f4ada9865 
2025-04-20 15:48:29-739 [reactor-http-nio-4] INFO  c.b.b.config.WebClientCustomerApi - Response status: 200 OK 
2025-04-20 15:48:29-761 [reactor-http-nio-4] INFO  c.b.b.connector.ProductConnector - API getProductByCustomerId RS {"id":"67f9cc806e374c0902dcdb73","productType":"SA","amountOfOpen":10.0,"accountNumber":"SA01-7689199523","hasPlasticCard":true,"cardNumber":"67fd7f29c1328463019a244a","createdDate":[2025,4,12],"customer":{"customerId":"67ec1a41fabf6d0f4ada9865"}} 
2025-04-20 15:48:29-762 [reactor-http-nio-4] INFO  c.b.b.connector.ProductConnector - API findBalanceByProductId RQ: 67f9cc806e374c0902dcdb73 
2025-04-20 15:48:29-765 [reactor-http-nio-4] INFO  c.b.b.config.WebClientCustomerApi - Request: GET,  http://localhost:8383/api/products/67f9cc806e374c0902dcdb73/balance 
2025-04-20 15:48:29-768 [reactor-http-nio-4] INFO  c.b.b.connector.ProductConnector - API getProductByCustomerId RS {"id":"67f9cd80200fc270ce30e284","productType":"CA","amountOfOpen":10.0,"accountNumber":"CA01-8730016551","hasPlasticCard":true,"cardNumber":"67fd7f29c1328463019a244a","createdDate":[2025,4,11],"customer":{"customerId":"67ec1a41fabf6d0f4ada9865"}} 
2025-04-20 15:48:29-768 [reactor-http-nio-4] INFO  c.b.b.connector.ProductConnector - API findBalanceByProductId RQ: 67f9cd80200fc270ce30e284 
2025-04-20 15:48:29-769 [reactor-http-nio-4] INFO  c.b.b.config.WebClientCustomerApi - Request: GET,  http://localhost:8383/api/products/67f9cd80200fc270ce30e284/balance 
2025-04-20 15:48:29-771 [reactor-http-nio-4] INFO  c.b.b.connector.ProductConnector - API getProductByCustomerId RS {"id":"67f9e1c9fe034d395c6d23b3","productType":"FA","amountOfOpen":100.0,"accountNumber":"FA01-9408688263","hasPlasticCard":true,"cardNumber":"67fd7f29c1328463019a244a","createdDate":[2025,4,11],"customer":{"customerId":"67ec1a41fabf6d0f4ada9865"}} 
2025-04-20 15:48:29-772 [reactor-http-nio-4] INFO  c.b.b.connector.ProductConnector - API findBalanceByProductId RQ: 67f9e1c9fe034d395c6d23b3 
2025-04-20 15:48:29-772 [reactor-http-nio-4] INFO  c.b.b.config.WebClientCustomerApi - Request: GET,  http://localhost:8383/api/products/67f9e1c9fe034d395c6d23b3/balance 
2025-04-20 15:48:29-775 [reactor-http-nio-4] INFO  c.b.b.connector.ProductConnector - API getProductByCustomerId RS {"id":"67fabf94ec8287214a828c9c","productType":"CC","amountOfOpen":100.0,"accountNumber":"CC01-4406914878","hasPlasticCard":true,"cardNumber":"67fd811bc1328463019a244c","createdDate":[2025,4,12],"customer":{"customerId":"67ec1a41fabf6d0f4ada9865"}} 
2025-04-20 15:48:29-775 [reactor-http-nio-4] INFO  c.b.b.connector.ProductConnector - API findBalanceByProductId RQ: 67fabf94ec8287214a828c9c 
2025-04-20 15:48:29-776 [reactor-http-nio-4] INFO  c.b.b.config.WebClientCustomerApi - Request: GET,  http://localhost:8383/api/products/67fabf94ec8287214a828c9c/balance 
2025-04-20 15:48:29-798 [reactor-http-nio-4] INFO  c.b.b.config.WebClientCustomerApi - Response status: 200 OK 
2025-04-20 15:48:29-803 [reactor-http-nio-4] INFO  c.b.b.connector.ProductConnector - API findBalanceByProductId RS: {"creditLimit":0.0,"creditLimitUsed":0.0,"creditEnabledToUse":0.0,"totalAmountInAccount":505.0} 
2025-04-20 15:48:33-044 [reactor-http-nio-4] INFO  c.b.b.connector.FinanceConnector - API Get Resumes By ProductId RQ: 67f9cc806e374c0902dcdb73 and dates from 2025-04-01, to 2025-04-30 
2025-04-20 15:48:44-307 [reactor-http-nio-4] INFO  c.b.b.config.WebClientFinanceApi - Request: GET,  http://localhost:8686?/api/finance/resumes/67f9cc806e374c0902dcdb73&startDate=2025-04-01&endDate=2025-04-30 
2025-04-20 15:48:44-322 [reactor-http-nio-4] ERROR c.b.b.service.impl.ReportServiceImpl - Request error getReportByCustomerId block()/blockFirst()/blockLast() are blocking, which is not supported in thread reactor-http-nio-4 
2025-04-20 15:48:44-322 [reactor-http-nio-4] ERROR c.b.b.expose.BusinessDelegateImpl - Request error buildReport block()/blockFirst()/blockLast() are blocking, which is not supported in thread reactor-http-nio-4 
2025-04-20 15:48:44-335 [reactor-http-nio-4] ERROR o.s.b.a.w.r.e.AbstractErrorWebExceptionHandler - [32f455e5-1]  500 Server Error for HTTP POST "/api/business/reports" 
java.lang.IllegalStateException: block()/blockFirst()/blockLast() are blocking, which is not supported in thread reactor-http-nio-4
	at reactor.core.publisher.BlockingSingleSubscriber.blockingGet(BlockingSingleSubscriber.java:87)
	Suppressed: reactor.core.publisher.FluxOnAssembly$OnAssemblyException: 
Assembly trace from producer [reactor.core.publisher.MonoMapFuseable] :
	reactor.core.publisher.Mono.map(Mono.java:3490)
	com.bootcamp.business_service.service.impl.ReportServiceImpl.lambda$getReportByCustomerId$2(ReportServiceImpl.java:50)
Error has been observed at the following site(s):
	*____________Mono.map ⇢ at com.bootcamp.business_service.service.impl.ReportServiceImpl.lambda$getReportByCustomerId$2(ReportServiceImpl.java:50)
	*________Flux.flatMap ⇢ at com.bootcamp.business_service.service.impl.ReportServiceImpl.getReportByCustomerId(ReportServiceImpl.java:47)
	|_   Flux.collectList ⇢ at com.bootcamp.business_service.service.impl.ReportServiceImpl.getReportByCustomerId(ReportServiceImpl.java:68)
	|_       Mono.flatMap ⇢ at com.bootcamp.business_service.service.impl.ReportServiceImpl.getReportByCustomerId(ReportServiceImpl.java:69)
	|_   Mono.doOnSuccess ⇢ at com.bootcamp.business_service.service.impl.ReportServiceImpl.getReportByCustomerId(ReportServiceImpl.java:88)
	|_     Mono.doOnError ⇢ at com.bootcamp.business_service.service.impl.ReportServiceImpl.getReportByCustomerId(ReportServiceImpl.java:89)
	*________Mono.flatMap ⇢ at com.bootcamp.business_service.expose.BusinessDelegateImpl.buildReport(BusinessDelegateImpl.java:69)
	|_           Mono.map ⇢ at com.bootcamp.business_service.expose.BusinessDelegateImpl.buildReport(BusinessDelegateImpl.java:76)
	|_     Mono.doOnError ⇢ at com.bootcamp.business_service.expose.BusinessDelegateImpl.buildReport(BusinessDelegateImpl.java:77)
	|_       Mono.flatMap ⇢ at org.springframework.web.reactive.result.method.annotation.ResponseEntityResultHandler.handleResult(ResponseEntityResultHandler.java:151)
	|_         checkpoint ⇢ Handler com.bootcamp.business_service.api.ApiApiController#buildReport(Mono, ServerWebExchange) [DispatcherHandler]
	|_ Mono.onErrorResume ⇢ at org.springframework.web.reactive.DispatcherHandler.lambda$handleResultMono$7(DispatcherHandler.java:176)
	*________Mono.flatMap ⇢ at org.springframework.web.reactive.DispatcherHandler.lambda$handleResultMono$6(DispatcherHandler.java:177)
	*________Mono.flatMap ⇢ at org.springframework.web.reactive.DispatcherHandler.handleResultMono(DispatcherHandler.java:172)
	*________Mono.flatMap ⇢ at org.springframework.web.reactive.DispatcherHandler.handle(DispatcherHandler.java:154)
	*__________Mono.defer ⇢ at org.springframework.web.server.handler.DefaultWebFilterChain.filter(DefaultWebFilterChain.java:106)
	|_     Mono.doOnError ⇢ at org.springframework.web.server.handler.ExceptionHandlingWebHandler.handle(ExceptionHandlingWebHandler.java:84)
	|_ Mono.onErrorResume ⇢ at org.springframework.web.server.handler.ExceptionHandlingWebHandler.handle(ExceptionHandlingWebHandler.java:85)
	|_     Mono.doOnError ⇢ at org.springframework.web.server.handler.ExceptionHandlingWebHandler.handle(ExceptionHandlingWebHandler.java:84)
	*__________Mono.error ⇢ at org.springframework.web.server.handler.ExceptionHandlingWebHandler$CheckpointInsertingHandler.handle(ExceptionHandlingWebHandler.java:106)
	|_         checkpoint ⇢ HTTP POST "/api/business/reports" [ExceptionHandlingWebHandler]
Original Stack Trace:
		at reactor.core.publisher.BlockingSingleSubscriber.blockingGet(BlockingSingleSubscriber.java:87)
		at reactor.core.publisher.Mono.block(Mono.java:1779)
		at com.bootcamp.business_service.service.impl.ReportServiceImpl.getAverage(ReportServiceImpl.java:102)
		at com.bootcamp.business_service.service.impl.ReportServiceImpl.lambda$getReportByCustomerId$1(ReportServiceImpl.java:61)
		at reactor.core.publisher.FluxMapFuseable$MapFuseableSubscriber.onNext(FluxMapFuseable.java:113)
		at reactor.core.publisher.FluxOnErrorResume$ResumeSubscriber.onNext(FluxOnErrorResume.java:79)
		at io.github.resilience4j.reactor.circuitbreaker.operator.CircuitBreakerSubscriber.hookOnNext(CircuitBreakerSubscriber.java:59)
		at reactor.core.publisher.BaseSubscriber.onNext(BaseSubscriber.java:160)
		at reactor.core.publisher.MonoPeekTerminal$MonoTerminalPeekSubscriber.onNext(MonoPeekTerminal.java:180)
		at reactor.core.publisher.FluxPeekFuseable$PeekFuseableConditionalSubscriber.onNext(FluxPeekFuseable.java:503)
		at reactor.core.publisher.MonoFlatMap$FlatMapMain.secondComplete(MonoFlatMap.java:245)
		at reactor.core.publisher.MonoFlatMap$FlatMapInner.onNext(MonoFlatMap.java:305)
		at reactor.core.publisher.FluxOnErrorResume$ResumeSubscriber.onNext(FluxOnErrorResume.java:79)
		at reactor.core.publisher.MonoFlatMap$FlatMapMain.onNext(MonoFlatMap.java:158)
		at reactor.core.publisher.FluxContextWrite$ContextWriteSubscriber.onNext(FluxContextWrite.java:107)
		at reactor.core.publisher.FluxMapFuseable$MapFuseableConditionalSubscriber.onNext(FluxMapFuseable.java:299)
		at reactor.core.publisher.FluxFilterFuseable$FilterFuseableConditionalSubscriber.onNext(FluxFilterFuseable.java:337)
		at reactor.core.publisher.Operators$BaseFluxToMonoOperator.completePossiblyEmpty(Operators.java:2097)
		at reactor.core.publisher.MonoCollect$CollectSubscriber.onComplete(MonoCollect.java:145)
		at reactor.core.publisher.FluxMapFuseable$MapFuseableSubscriber.onComplete(FluxMapFuseable.java:152)
		at reactor.core.publisher.FluxPeekFuseable$PeekFuseableSubscriber.onComplete(FluxPeekFuseable.java:277)
		at reactor.core.publisher.FluxMap$MapSubscriber.onComplete(FluxMap.java:144)
		at reactor.netty.channel.FluxReceive.onInboundComplete(FluxReceive.java:413)
		at reactor.netty.channel.ChannelOperations.onInboundComplete(ChannelOperations.java:455)
		at reactor.netty.channel.ChannelOperations.terminate(ChannelOperations.java:509)
		at reactor.netty.http.client.HttpClientOperations.onInboundNext(HttpClientOperations.java:824)
		at reactor.netty.channel.ChannelOperationsHandler.channelRead(ChannelOperationsHandler.java:115)
		at io.netty.channel.AbstractChannelHandlerContext.invokeChannelRead(AbstractChannelHandlerContext.java:444)
		at io.netty.channel.AbstractChannelHandlerContext.invokeChannelRead(AbstractChannelHandlerContext.java:420)
		at io.netty.channel.AbstractChannelHandlerContext.fireChannelRead(AbstractChannelHandlerContext.java:412)
		at io.netty.handler.codec.MessageToMessageDecoder.channelRead(MessageToMessageDecoder.java:107)
		at io.netty.channel.AbstractChannelHandlerContext.invokeChannelRead(AbstractChannelHandlerContext.java:444)
		at io.netty.channel.AbstractChannelHandlerContext.invokeChannelRead(AbstractChannelHandlerContext.java:420)
		at io.netty.channel.AbstractChannelHandlerContext.fireChannelRead(AbstractChannelHandlerContext.java:412)
		at io.netty.channel.CombinedChannelDuplexHandler$DelegatingChannelHandlerContext.fireChannelRead(CombinedChannelDuplexHandler.java:436)
		at io.netty.handler.codec.ByteToMessageDecoder.fireChannelRead(ByteToMessageDecoder.java:346)
		at io.netty.handler.codec.ByteToMessageDecoder.channelRead(ByteToMessageDecoder.java:318)
		at io.netty.channel.CombinedChannelDuplexHandler.channelRead(CombinedChannelDuplexHandler.java:251)
		at io.netty.channel.AbstractChannelHandlerContext.invokeChannelRead(AbstractChannelHandlerContext.java:442)
		at io.netty.channel.AbstractChannelHandlerContext.invokeChannelRead(AbstractChannelHandlerContext.java:420)
		at io.netty.channel.AbstractChannelHandlerContext.fireChannelRead(AbstractChannelHandlerContext.java:412)
		at io.netty.channel.DefaultChannelPipeline$HeadContext.channelRead(DefaultChannelPipeline.java:1357)
		at io.netty.channel.AbstractChannelHandlerContext.invokeChannelRead(AbstractChannelHandlerContext.java:440)
		at io.netty.channel.AbstractChannelHandlerContext.invokeChannelRead(AbstractChannelHandlerContext.java:420)
		at io.netty.channel.DefaultChannelPipeline.fireChannelRead(DefaultChannelPipeline.java:868)
		at io.netty.channel.nio.AbstractNioByteChannel$NioByteUnsafe.read(AbstractNioByteChannel.java:166)
		at io.netty.channel.nio.NioEventLoop.processSelectedKey(NioEventLoop.java:796)
		at io.netty.channel.nio.NioEventLoop.processSelectedKeysOptimized(NioEventLoop.java:732)
		at io.netty.channel.nio.NioEventLoop.processSelectedKeys(NioEventLoop.java:658)
		at io.netty.channel.nio.NioEventLoop.run(NioEventLoop.java:562)
		at io.netty.util.concurrent.SingleThreadEventExecutor$4.run(SingleThreadEventExecutor.java:998)
		at io.netty.util.internal.ThreadExecutorMap$2.run(ThreadExecutorMap.java:74)
		at io.netty.util.concurrent.FastThreadLocalRunnable.run(FastThreadLocalRunnable.java:30)
		at java.base/java.lang.Thread.run(Thread.java:842)
2025-04-20 15:48:44-358 [reactor-http-nio-4] INFO  c.b.b.config.WebClientFinanceApi - Response status: 404 NOT_FOUND 
2025-04-20 15:48:44-370 [reactor-http-nio-4] ERROR c.b.b.connector.FinanceConnector - API error get Resumes By ProductId 404 Not Found from GET http://localhost:8686 
2025-04-20 15:48:58-532 [SpringApplicationShutdownHook] INFO  o.s.c.n.e.s.EurekaServiceRegistry - Unregistering application BUSINESS-SERVICE with eureka with status DOWN 
2025-04-20 15:48:58-533 [SpringApplicationShutdownHook] INFO  c.netflix.discovery.DiscoveryClient - Saw local status change event StatusChangeEvent [timestamp=1745182138533, current=DOWN, previous=UP] 
2025-04-20 15:48:58-534 [DiscoveryClient-InstanceInfoReplicator-%d] INFO  c.netflix.discovery.DiscoveryClient - DiscoveryClient_BUSINESS-SERVICE/business-service:8585: registering service... 
2025-04-20 15:48:58-538 [SpringApplicationShutdownHook] INFO  o.s.b.w.e.netty.GracefulShutdown - Commencing graceful shutdown. Waiting for active requests to complete 
2025-04-20 15:48:58-543 [DiscoveryClient-InstanceInfoReplicator-%d] INFO  c.netflix.discovery.DiscoveryClient - DiscoveryClient_BUSINESS-SERVICE/business-service:8585 - registration status: 204 
2025-04-20 15:48:58-544 [netty-shutdown] INFO  o.s.b.w.e.netty.GracefulShutdown - Graceful shutdown complete 
2025-04-20 15:52:58-780 [background-preinit] INFO  o.h.validator.internal.util.Version - HV000001: Hibernate Validator 8.0.2.Final 
2025-04-20 15:52:58-820 [main] INFO  c.b.b.BusinessServiceApplication - Starting BusinessServiceApplication using Java 17.0.12 with PID 13656 (C:\Users\mgarcsar\Documents\Bootcamp\etregables\business-service\target\classes started by mgarcsar in C:\Users\mgarcsar\Documents\Bootcamp\etregables\business-service) 
2025-04-20 15:52:58-821 [main] INFO  c.b.b.BusinessServiceApplication - The following 1 profile is active: "local" 
2025-04-20 15:52:58-853 [main] INFO  o.s.c.c.c.ConfigServerConfigDataLoader - Fetching config from server at : http://localhost:8888 
2025-04-20 15:52:58-853 [main] INFO  o.s.c.c.c.ConfigServerConfigDataLoader - Located environment: name=business-service, profiles=[default], label=null, version=5948961345ff92c7a8feec89a952e9773d3de713, state= 
2025-04-20 15:52:58-853 [main] INFO  o.s.c.c.c.ConfigServerConfigDataLoader - Fetching config from server at : http://localhost:8888 
2025-04-20 15:52:58-853 [main] INFO  o.s.c.c.c.ConfigServerConfigDataLoader - Located environment: name=business-service, profiles=[local], label=null, version=5948961345ff92c7a8feec89a952e9773d3de713, state= 
2025-04-20 15:53:00-012 [main] INFO  o.s.cloud.context.scope.GenericScope - BeanFactory id=3a22edfb-ee61-33fe-94a2-bcf8fbe89c21 
2025-04-20 15:53:02-741 [main] INFO  o.s.b.a.e.web.EndpointLinksResolver - Exposing 3 endpoints beneath base path '/actuator' 
2025-04-20 15:53:03-814 [main] INFO  o.s.c.n.e.c.DiscoveryClientOptionalArgsConfiguration - Eureka HTTP Client uses RestTemplate. 
2025-04-20 15:53:03-921 [main] WARN  o.s.c.l.c.LoadBalancerCacheAutoConfiguration$LoadBalancerCaffeineWarnLogger - Spring Cloud LoadBalancer is currently working with the default cache. While this cache implementation is useful for development and tests, it's recommended to use Caffeine cache in production.You can switch to using Caffeine cache, by adding it and org.springframework.cache.caffeine.CaffeineCacheManager to the classpath. 
2025-04-20 15:53:03-997 [main] INFO  o.s.c.n.eureka.InstanceInfoFactory - Setting initial instance status as: STARTING 
2025-04-20 15:53:04-026 [main] INFO  c.netflix.discovery.DiscoveryClient - Initializing Eureka in region us-east-1 
2025-04-20 15:53:04-030 [main] INFO  c.n.d.s.r.aws.ConfigClusterResolver - Resolving eureka endpoints via configuration 
2025-04-20 15:53:04-044 [main] INFO  c.netflix.discovery.DiscoveryClient - Disable delta property : false 
2025-04-20 15:53:04-044 [main] INFO  c.netflix.discovery.DiscoveryClient - Single vip registry refresh property : null 
2025-04-20 15:53:04-044 [main] INFO  c.netflix.discovery.DiscoveryClient - Force full registry fetch : false 
2025-04-20 15:53:04-044 [main] INFO  c.netflix.discovery.DiscoveryClient - Application is null : false 
2025-04-20 15:53:04-044 [main] INFO  c.netflix.discovery.DiscoveryClient - Registered Applications size is zero : true 
2025-04-20 15:53:04-044 [main] INFO  c.netflix.discovery.DiscoveryClient - Application version is -1: true 
2025-04-20 15:53:04-044 [main] INFO  c.netflix.discovery.DiscoveryClient - Getting all instance registry info from the eureka server 
2025-04-20 15:53:04-296 [main] INFO  c.netflix.discovery.DiscoveryClient - The response status is 200 
2025-04-20 15:53:04-298 [main] INFO  c.netflix.discovery.DiscoveryClient - Starting heartbeat executor: renew interval is: 30 
2025-04-20 15:53:04-302 [main] INFO  c.n.discovery.InstanceInfoReplicator - InstanceInfoReplicator onDemand update allowed rate per min is 4 
2025-04-20 15:53:04-305 [main] INFO  c.netflix.discovery.DiscoveryClient - Discovery Client initialized at timestamp 1745182384305 with initial instances count: 5 
2025-04-20 15:53:04-321 [main] INFO  o.s.c.n.e.s.EurekaServiceRegistry - Registering application BUSINESS-SERVICE with eureka with status UP 
2025-04-20 15:53:04-321 [main] INFO  c.netflix.discovery.DiscoveryClient - Saw local status change event StatusChangeEvent [timestamp=1745182384321, current=UP, previous=STARTING] 
2025-04-20 15:53:04-324 [DiscoveryClient-InstanceInfoReplicator-%d] INFO  c.netflix.discovery.DiscoveryClient - DiscoveryClient_BUSINESS-SERVICE/business-service:8585: registering service... 
2025-04-20 15:53:04-357 [DiscoveryClient-InstanceInfoReplicator-%d] INFO  c.netflix.discovery.DiscoveryClient - DiscoveryClient_BUSINESS-SERVICE/business-service:8585 - registration status: 204 
2025-04-20 15:53:04-568 [main] INFO  o.s.b.w.e.netty.NettyWebServer - Netty started on port 8585 (http) 
2025-04-20 15:53:04-571 [main] INFO  o.s.c.n.e.s.EurekaAutoServiceRegistration - Updating port to 8585 
2025-04-20 15:53:04-823 [main] INFO  c.b.b.BusinessServiceApplication - Started BusinessServiceApplication in 9.381 seconds (process running for 10.677) 
2025-04-20 15:53:10-350 [reactor-http-nio-4] INFO  c.b.b.connector.ProductConnector - API getProductByCustomerId RQ: 67ec1a41fabf6d0f4ada9865 
2025-04-20 15:53:10-366 [reactor-http-nio-4] INFO  c.b.b.config.WebClientCustomerApi - Request: GET,  http://localhost:8383/api/products/customer/67ec1a41fabf6d0f4ada9865 
2025-04-20 15:53:10-452 [reactor-http-nio-4] INFO  c.b.b.config.WebClientCustomerApi - Response status: 200 OK 
2025-04-20 15:53:10-474 [reactor-http-nio-4] INFO  c.b.b.connector.ProductConnector - API getProductByCustomerId RS {"id":"67f9cc806e374c0902dcdb73","productType":"SA","amountOfOpen":10.0,"accountNumber":"SA01-7689199523","hasPlasticCard":true,"cardNumber":"67fd7f29c1328463019a244a","createdDate":[2025,4,12],"customer":{"customerId":"67ec1a41fabf6d0f4ada9865"}} 
2025-04-20 15:53:10-474 [reactor-http-nio-4] INFO  c.b.b.connector.ProductConnector - API findBalanceByProductId RQ: 67f9cc806e374c0902dcdb73 
2025-04-20 15:53:10-477 [reactor-http-nio-4] INFO  c.b.b.config.WebClientCustomerApi - Request: GET,  http://localhost:8383/api/products/67f9cc806e374c0902dcdb73/balance 
2025-04-20 15:53:10-480 [reactor-http-nio-4] INFO  c.b.b.connector.ProductConnector - API getProductByCustomerId RS {"id":"67f9cd80200fc270ce30e284","productType":"CA","amountOfOpen":10.0,"accountNumber":"CA01-8730016551","hasPlasticCard":true,"cardNumber":"67fd7f29c1328463019a244a","createdDate":[2025,4,11],"customer":{"customerId":"67ec1a41fabf6d0f4ada9865"}} 
2025-04-20 15:53:10-480 [reactor-http-nio-4] INFO  c.b.b.connector.ProductConnector - API findBalanceByProductId RQ: 67f9cd80200fc270ce30e284 
2025-04-20 15:53:10-481 [reactor-http-nio-4] INFO  c.b.b.config.WebClientCustomerApi - Request: GET,  http://localhost:8383/api/products/67f9cd80200fc270ce30e284/balance 
2025-04-20 15:53:10-483 [reactor-http-nio-4] INFO  c.b.b.connector.ProductConnector - API getProductByCustomerId RS {"id":"67f9e1c9fe034d395c6d23b3","productType":"FA","amountOfOpen":100.0,"accountNumber":"FA01-9408688263","hasPlasticCard":true,"cardNumber":"67fd7f29c1328463019a244a","createdDate":[2025,4,11],"customer":{"customerId":"67ec1a41fabf6d0f4ada9865"}} 
2025-04-20 15:53:10-484 [reactor-http-nio-4] INFO  c.b.b.connector.ProductConnector - API findBalanceByProductId RQ: 67f9e1c9fe034d395c6d23b3 
2025-04-20 15:53:10-484 [reactor-http-nio-4] INFO  c.b.b.config.WebClientCustomerApi - Request: GET,  http://localhost:8383/api/products/67f9e1c9fe034d395c6d23b3/balance 
2025-04-20 15:53:10-487 [reactor-http-nio-4] INFO  c.b.b.connector.ProductConnector - API getProductByCustomerId RS {"id":"67fabf94ec8287214a828c9c","productType":"CC","amountOfOpen":100.0,"accountNumber":"CC01-4406914878","hasPlasticCard":true,"cardNumber":"67fd811bc1328463019a244c","createdDate":[2025,4,12],"customer":{"customerId":"67ec1a41fabf6d0f4ada9865"}} 
2025-04-20 15:53:10-487 [reactor-http-nio-4] INFO  c.b.b.connector.ProductConnector - API findBalanceByProductId RQ: 67fabf94ec8287214a828c9c 
2025-04-20 15:53:10-487 [reactor-http-nio-4] INFO  c.b.b.config.WebClientCustomerApi - Request: GET,  http://localhost:8383/api/products/67fabf94ec8287214a828c9c/balance 
2025-04-20 15:53:10-507 [reactor-http-nio-4] INFO  c.b.b.config.WebClientCustomerApi - Response status: 200 OK 
2025-04-20 15:53:10-511 [reactor-http-nio-4] INFO  c.b.b.connector.ProductConnector - API findBalanceByProductId RS: {"creditLimit":0.0,"creditLimitUsed":0.0,"creditEnabledToUse":0.0,"totalAmountInAccount":3720.0} 
2025-04-20 15:53:10-514 [reactor-http-nio-4] INFO  c.b.b.config.WebClientCustomerApi - Response status: 200 OK 
2025-04-20 15:53:10-517 [reactor-http-nio-4] INFO  c.b.b.connector.ProductConnector - API findBalanceByProductId RS: {"creditLimit":0.0,"creditLimitUsed":0.0,"creditEnabledToUse":0.0,"totalAmountInAccount":505.0} 
2025-04-20 15:53:10-518 [reactor-http-nio-4] INFO  c.b.b.config.WebClientCustomerApi - Response status: 200 OK 
2025-04-20 15:53:10-520 [reactor-http-nio-4] INFO  c.b.b.connector.ProductConnector - API findBalanceByProductId RS: {"creditLimit":3000.0,"creditLimitUsed":80.0,"creditEnabledToUse":2920.0,"totalAmountInAccount":0.0} 
2025-04-20 15:53:10-521 [reactor-http-nio-4] INFO  c.b.b.config.WebClientCustomerApi - Response status: 200 OK 
2025-04-20 15:53:10-522 [reactor-http-nio-4] INFO  c.b.b.connector.ProductConnector - API findBalanceByProductId RS: {"creditLimit":0.0,"creditLimitUsed":0.0,"creditEnabledToUse":0.0,"totalAmountInAccount":100.0} 
2025-04-20 15:53:10-527 [reactor-http-nio-4] INFO  c.b.b.service.impl.ReportServiceImpl - Report successfully built {"message":"Success - Reporte productos del cliente ingresado.","typeReport":"BALANCE","customerId":"67ec1a41fabf6d0f4ada9865","dateToday":[2025,4,20],"products":[{"productId":"67f9cd80200fc270ce30e284","customerId":"67ec1a41fabf6d0f4ada9865","productType":"CUENTA CORRIENTE","familyType":"PASSIVE","totalAmountPassiveProduct":3720.0,"accountNumber":"CA01-8730016551","creditLimitTotal":0.0,"creditUsed":0.0,"creditEnabled":0.0},{"productId":"67f9cc806e374c0902dcdb73","customerId":"67ec1a41fabf6d0f4ada9865","productType":"CUENTA DE AHORROS","familyType":"PASSIVE","totalAmountPassiveProduct":505.0,"accountNumber":"SA01-7689199523","creditLimitTotal":0.0,"creditUsed":0.0,"creditEnabled":0.0},{"productId":"67fabf94ec8287214a828c9c","customerId":"67ec1a41fabf6d0f4ada9865","productType":"TARJETA DE CREDITO","familyType":"ACTIVE","totalAmountPassiveProduct":0.0,"accountNumber":"CC01-4406914878","creditLimitTotal":3000.0,"creditUsed":80.0,"creditEnabled":2920.0},{"productId":"67f9e1c9fe034d395c6d23b3","customerId":"67ec1a41fabf6d0f4ada9865","productType":"PLAZO FIJO","familyType":"PASSIVE","totalAmountPassiveProduct":100.0,"accountNumber":"FA01-9408688263","creditLimitTotal":0.0,"creditUsed":0.0,"creditEnabled":0.0}]} 
2025-04-20 15:53:39-455 [SpringApplicationShutdownHook] INFO  o.s.c.n.e.s.EurekaServiceRegistry - Unregistering application BUSINESS-SERVICE with eureka with status DOWN 
2025-04-20 15:53:39-456 [SpringApplicationShutdownHook] INFO  c.netflix.discovery.DiscoveryClient - Saw local status change event StatusChangeEvent [timestamp=1745182419456, current=DOWN, previous=UP] 
2025-04-20 15:53:39-456 [DiscoveryClient-InstanceInfoReplicator-%d] INFO  c.netflix.discovery.DiscoveryClient - DiscoveryClient_BUSINESS-SERVICE/business-service:8585: registering service... 
2025-04-20 15:53:39-460 [SpringApplicationShutdownHook] INFO  o.s.b.w.e.netty.GracefulShutdown - Commencing graceful shutdown. Waiting for active requests to complete 
2025-04-20 15:53:39-463 [netty-shutdown] INFO  o.s.b.w.e.netty.GracefulShutdown - Graceful shutdown complete 
2025-04-20 15:53:39-468 [DiscoveryClient-InstanceInfoReplicator-%d] INFO  c.netflix.discovery.DiscoveryClient - DiscoveryClient_BUSINESS-SERVICE/business-service:8585 - registration status: 204 
2025-04-20 15:53:54-625 [background-preinit] INFO  o.h.validator.internal.util.Version - HV000001: Hibernate Validator 8.0.2.Final 
2025-04-20 15:53:54-665 [main] INFO  c.b.b.BusinessServiceApplication - Starting BusinessServiceApplication using Java 17.0.12 with PID 23916 (C:\Users\mgarcsar\Documents\Bootcamp\etregables\business-service\target\classes started by mgarcsar in C:\Users\mgarcsar\Documents\Bootcamp\etregables\business-service) 
2025-04-20 15:53:54-666 [main] INFO  c.b.b.BusinessServiceApplication - The following 1 profile is active: "local" 
2025-04-20 15:53:54-718 [main] INFO  o.s.c.c.c.ConfigServerConfigDataLoader - Fetching config from server at : http://localhost:8888 
2025-04-20 15:53:54-719 [main] INFO  o.s.c.c.c.ConfigServerConfigDataLoader - Located environment: name=business-service, profiles=[default], label=null, version=5948961345ff92c7a8feec89a952e9773d3de713, state= 
2025-04-20 15:53:54-719 [main] INFO  o.s.c.c.c.ConfigServerConfigDataLoader - Fetching config from server at : http://localhost:8888 
2025-04-20 15:53:54-719 [main] INFO  o.s.c.c.c.ConfigServerConfigDataLoader - Located environment: name=business-service, profiles=[local], label=null, version=5948961345ff92c7a8feec89a952e9773d3de713, state= 
2025-04-20 15:53:56-075 [main] INFO  o.s.cloud.context.scope.GenericScope - BeanFactory id=3a22edfb-ee61-33fe-94a2-bcf8fbe89c21 
2025-04-20 15:53:58-787 [main] INFO  o.s.b.a.e.web.EndpointLinksResolver - Exposing 3 endpoints beneath base path '/actuator' 
2025-04-20 15:53:59-618 [main] INFO  o.s.c.n.e.c.DiscoveryClientOptionalArgsConfiguration - Eureka HTTP Client uses RestTemplate. 
2025-04-20 15:53:59-726 [main] WARN  o.s.c.l.c.LoadBalancerCacheAutoConfiguration$LoadBalancerCaffeineWarnLogger - Spring Cloud LoadBalancer is currently working with the default cache. While this cache implementation is useful for development and tests, it's recommended to use Caffeine cache in production.You can switch to using Caffeine cache, by adding it and org.springframework.cache.caffeine.CaffeineCacheManager to the classpath. 
2025-04-20 15:53:59-814 [main] INFO  o.s.c.n.eureka.InstanceInfoFactory - Setting initial instance status as: STARTING 
2025-04-20 15:53:59-845 [main] INFO  c.netflix.discovery.DiscoveryClient - Initializing Eureka in region us-east-1 
2025-04-20 15:53:59-849 [main] INFO  c.n.d.s.r.aws.ConfigClusterResolver - Resolving eureka endpoints via configuration 
2025-04-20 15:53:59-860 [main] INFO  c.netflix.discovery.DiscoveryClient - Disable delta property : false 
2025-04-20 15:53:59-860 [main] INFO  c.netflix.discovery.DiscoveryClient - Single vip registry refresh property : null 
2025-04-20 15:53:59-860 [main] INFO  c.netflix.discovery.DiscoveryClient - Force full registry fetch : false 
2025-04-20 15:53:59-860 [main] INFO  c.netflix.discovery.DiscoveryClient - Application is null : false 
2025-04-20 15:53:59-860 [main] INFO  c.netflix.discovery.DiscoveryClient - Registered Applications size is zero : true 
2025-04-20 15:53:59-860 [main] INFO  c.netflix.discovery.DiscoveryClient - Application version is -1: true 
2025-04-20 15:53:59-860 [main] INFO  c.netflix.discovery.DiscoveryClient - Getting all instance registry info from the eureka server 
2025-04-20 15:54:00-085 [main] INFO  c.netflix.discovery.DiscoveryClient - The response status is 200 
2025-04-20 15:54:00-089 [main] INFO  c.netflix.discovery.DiscoveryClient - Starting heartbeat executor: renew interval is: 30 
2025-04-20 15:54:00-093 [main] INFO  c.n.discovery.InstanceInfoReplicator - InstanceInfoReplicator onDemand update allowed rate per min is 4 
2025-04-20 15:54:00-095 [main] INFO  c.netflix.discovery.DiscoveryClient - Discovery Client initialized at timestamp 1745182440095 with initial instances count: 6 
2025-04-20 15:54:00-110 [main] INFO  o.s.c.n.e.s.EurekaServiceRegistry - Registering application BUSINESS-SERVICE with eureka with status UP 
2025-04-20 15:54:00-111 [main] INFO  c.netflix.discovery.DiscoveryClient - Saw local status change event StatusChangeEvent [timestamp=1745182440111, current=UP, previous=STARTING] 
2025-04-20 15:54:00-114 [DiscoveryClient-InstanceInfoReplicator-%d] INFO  c.netflix.discovery.DiscoveryClient - DiscoveryClient_BUSINESS-SERVICE/business-service:8585: registering service... 
2025-04-20 15:54:00-156 [DiscoveryClient-InstanceInfoReplicator-%d] INFO  c.netflix.discovery.DiscoveryClient - DiscoveryClient_BUSINESS-SERVICE/business-service:8585 - registration status: 204 
2025-04-20 15:54:00-343 [main] INFO  o.s.b.w.e.netty.NettyWebServer - Netty started on port 8585 (http) 
2025-04-20 15:54:00-346 [main] INFO  o.s.c.n.e.s.EurekaAutoServiceRegistration - Updating port to 8585 
2025-04-20 15:54:00-582 [main] INFO  c.b.b.BusinessServiceApplication - Started BusinessServiceApplication in 9.482 seconds (process running for 11.414) 
2025-04-20 15:54:02-899 [reactor-http-nio-4] INFO  c.b.b.connector.ProductConnector - API getProductByCustomerId RQ: 67ec1a41fabf6d0f4ada9865 
2025-04-20 15:54:02-916 [reactor-http-nio-4] INFO  c.b.b.config.WebClientCustomerApi - Request: GET,  http://localhost:8383/api/products/customer/67ec1a41fabf6d0f4ada9865 
2025-04-20 15:54:03-007 [reactor-http-nio-4] INFO  c.b.b.config.WebClientCustomerApi - Response status: 200 OK 
2025-04-20 15:54:03-033 [reactor-http-nio-4] INFO  c.b.b.connector.ProductConnector - API getProductByCustomerId RS {"id":"67f9cc806e374c0902dcdb73","productType":"SA","amountOfOpen":10.0,"accountNumber":"SA01-7689199523","hasPlasticCard":true,"cardNumber":"67fd7f29c1328463019a244a","createdDate":[2025,4,12],"customer":{"customerId":"67ec1a41fabf6d0f4ada9865"}} 
2025-04-20 15:54:03-033 [reactor-http-nio-4] INFO  c.b.b.connector.ProductConnector - API findBalanceByProductId RQ: 67f9cc806e374c0902dcdb73 
2025-04-20 15:54:03-036 [reactor-http-nio-4] INFO  c.b.b.config.WebClientCustomerApi - Request: GET,  http://localhost:8383/api/products/67f9cc806e374c0902dcdb73/balance 
2025-04-20 15:54:03-039 [reactor-http-nio-4] INFO  c.b.b.connector.ProductConnector - API getProductByCustomerId RS {"id":"67f9cd80200fc270ce30e284","productType":"CA","amountOfOpen":10.0,"accountNumber":"CA01-8730016551","hasPlasticCard":true,"cardNumber":"67fd7f29c1328463019a244a","createdDate":[2025,4,11],"customer":{"customerId":"67ec1a41fabf6d0f4ada9865"}} 
2025-04-20 15:54:03-039 [reactor-http-nio-4] INFO  c.b.b.connector.ProductConnector - API findBalanceByProductId RQ: 67f9cd80200fc270ce30e284 
2025-04-20 15:54:03-040 [reactor-http-nio-4] INFO  c.b.b.config.WebClientCustomerApi - Request: GET,  http://localhost:8383/api/products/67f9cd80200fc270ce30e284/balance 
2025-04-20 15:54:03-043 [reactor-http-nio-4] INFO  c.b.b.connector.ProductConnector - API getProductByCustomerId RS {"id":"67f9e1c9fe034d395c6d23b3","productType":"FA","amountOfOpen":100.0,"accountNumber":"FA01-9408688263","hasPlasticCard":true,"cardNumber":"67fd7f29c1328463019a244a","createdDate":[2025,4,11],"customer":{"customerId":"67ec1a41fabf6d0f4ada9865"}} 
2025-04-20 15:54:03-043 [reactor-http-nio-4] INFO  c.b.b.connector.ProductConnector - API findBalanceByProductId RQ: 67f9e1c9fe034d395c6d23b3 
2025-04-20 15:54:03-044 [reactor-http-nio-4] INFO  c.b.b.config.WebClientCustomerApi - Request: GET,  http://localhost:8383/api/products/67f9e1c9fe034d395c6d23b3/balance 
2025-04-20 15:54:03-046 [reactor-http-nio-4] INFO  c.b.b.connector.ProductConnector - API getProductByCustomerId RS {"id":"67fabf94ec8287214a828c9c","productType":"CC","amountOfOpen":100.0,"accountNumber":"CC01-4406914878","hasPlasticCard":true,"cardNumber":"67fd811bc1328463019a244c","createdDate":[2025,4,12],"customer":{"customerId":"67ec1a41fabf6d0f4ada9865"}} 
2025-04-20 15:54:03-047 [reactor-http-nio-4] INFO  c.b.b.connector.ProductConnector - API findBalanceByProductId RQ: 67fabf94ec8287214a828c9c 
2025-04-20 15:54:03-047 [reactor-http-nio-4] INFO  c.b.b.config.WebClientCustomerApi - Request: GET,  http://localhost:8383/api/products/67fabf94ec8287214a828c9c/balance 
2025-04-20 15:54:03-066 [reactor-http-nio-4] INFO  c.b.b.config.WebClientCustomerApi - Response status: 200 OK 
2025-04-20 15:54:03-070 [reactor-http-nio-4] INFO  c.b.b.connector.ProductConnector - API findBalanceByProductId RS: {"creditLimit":0.0,"creditLimitUsed":0.0,"creditEnabledToUse":0.0,"totalAmountInAccount":100.0} 
2025-04-20 15:54:04-650 [reactor-http-nio-4] INFO  c.b.b.connector.FinanceConnector - API Get Resumes By ProductId RQ: 67f9e1c9fe034d395c6d23b3 and dates from 2025-04-01, to 2025-04-30 
2025-04-20 15:54:04-653 [reactor-http-nio-4] INFO  c.b.b.service.impl.ReportServiceImpl - Average of product id 67f9e1c9fe034d395c6d23b3, is Mono.doOnSuccess ⇢ at com.bootcamp.business_service.service.impl.ReportServiceImpl.getAverage(ReportServiceImpl.java:102) 
2025-04-20 15:54:04-654 [reactor-http-nio-4] INFO  c.b.b.config.WebClientFinanceApi - Request: GET,  http://localhost:8686?/api/finance/resumes/67f9e1c9fe034d395c6d23b3&startDate=2025-04-01&endDate=2025-04-30 
2025-04-20 15:54:13-354 [reactor-http-nio-4] INFO  c.b.b.config.WebClientCustomerApi - Response status: 200 OK 
2025-04-20 15:54:13-357 [reactor-http-nio-4] INFO  c.b.b.connector.ProductConnector - API findBalanceByProductId RS: {"creditLimit":0.0,"creditLimitUsed":0.0,"creditEnabledToUse":0.0,"totalAmountInAccount":3720.0} 
2025-04-20 15:54:15-456 [reactor-http-nio-4] INFO  c.b.b.connector.FinanceConnector - API Get Resumes By ProductId RQ: 67f9cd80200fc270ce30e284 and dates from 2025-04-01, to 2025-04-30 
2025-04-20 15:54:15-457 [reactor-http-nio-4] INFO  c.b.b.service.impl.ReportServiceImpl - Average of product id 67f9cd80200fc270ce30e284, is Mono.doOnSuccess ⇢ at com.bootcamp.business_service.service.impl.ReportServiceImpl.getAverage(ReportServiceImpl.java:102) 
2025-04-20 15:54:15-457 [reactor-http-nio-4] INFO  c.b.b.config.WebClientFinanceApi - Request: GET,  http://localhost:8686?/api/finance/resumes/67f9cd80200fc270ce30e284&startDate=2025-04-01&endDate=2025-04-30 
2025-04-20 15:54:16-490 [reactor-http-nio-4] INFO  c.b.b.config.WebClientCustomerApi - Response status: 200 OK 
2025-04-20 15:54:16-493 [reactor-http-nio-4] INFO  c.b.b.connector.ProductConnector - API findBalanceByProductId RS: {"creditLimit":0.0,"creditLimitUsed":0.0,"creditEnabledToUse":0.0,"totalAmountInAccount":505.0} 
2025-04-20 15:54:17-549 [reactor-http-nio-4] INFO  c.b.b.connector.FinanceConnector - API Get Resumes By ProductId RQ: 67f9cc806e374c0902dcdb73 and dates from 2025-04-01, to 2025-04-30 
2025-04-20 15:54:17-550 [reactor-http-nio-4] INFO  c.b.b.service.impl.ReportServiceImpl - Average of product id 67f9cc806e374c0902dcdb73, is Mono.doOnSuccess ⇢ at com.bootcamp.business_service.service.impl.ReportServiceImpl.getAverage(ReportServiceImpl.java:102) 
2025-04-20 15:54:17-550 [reactor-http-nio-4] INFO  c.b.b.config.WebClientFinanceApi - Request: GET,  http://localhost:8686?/api/finance/resumes/67f9cc806e374c0902dcdb73&startDate=2025-04-01&endDate=2025-04-30 
2025-04-20 15:54:18-279 [reactor-http-nio-4] INFO  c.b.b.config.WebClientCustomerApi - Response status: 200 OK 
2025-04-20 15:54:18-281 [reactor-http-nio-4] INFO  c.b.b.connector.ProductConnector - API findBalanceByProductId RS: {"creditLimit":3000.0,"creditLimitUsed":80.0,"creditEnabledToUse":2920.0,"totalAmountInAccount":0.0} 
2025-04-20 15:54:18-792 [reactor-http-nio-4] INFO  c.b.b.connector.FinanceConnector - API Get Resumes By ProductId RQ: 67fabf94ec8287214a828c9c and dates from 2025-04-01, to 2025-04-30 
2025-04-20 15:54:18-793 [reactor-http-nio-4] INFO  c.b.b.service.impl.ReportServiceImpl - Average of product id 67fabf94ec8287214a828c9c, is Mono.doOnSuccess ⇢ at com.bootcamp.business_service.service.impl.ReportServiceImpl.getAverage(ReportServiceImpl.java:102) 
2025-04-20 15:54:18-793 [reactor-http-nio-4] INFO  c.b.b.config.WebClientFinanceApi - Request: GET,  http://localhost:8686?/api/finance/resumes/67fabf94ec8287214a828c9c&startDate=2025-04-01&endDate=2025-04-30 
2025-04-20 15:54:19-419 [reactor-http-nio-4] INFO  c.b.b.service.impl.ReportServiceImpl - Report successfully built {"message":"Success - Reporte productos del cliente ingresado.","typeReport":"BALANCE","customerId":"67ec1a41fabf6d0f4ada9865","dateToday":[2025,4,20],"products":[{"productId":"67f9e1c9fe034d395c6d23b3","customerId":"67ec1a41fabf6d0f4ada9865","productType":"PLAZO FIJO","familyType":"PASSIVE","totalAmountPassiveProduct":100.0,"accountNumber":"FA01-9408688263","creditLimitTotal":0.0,"creditUsed":0.0,"creditEnabled":0.0,"averageBalanceOfMonth":"NaN"},{"productId":"67f9cd80200fc270ce30e284","customerId":"67ec1a41fabf6d0f4ada9865","productType":"CUENTA CORRIENTE","familyType":"PASSIVE","totalAmountPassiveProduct":3720.0,"accountNumber":"CA01-8730016551","creditLimitTotal":0.0,"creditUsed":0.0,"creditEnabled":0.0,"averageBalanceOfMonth":"NaN"},{"productId":"67f9cc806e374c0902dcdb73","customerId":"67ec1a41fabf6d0f4ada9865","productType":"CUENTA DE AHORROS","familyType":"PASSIVE","totalAmountPassiveProduct":505.0,"accountNumber":"SA01-7689199523","creditLimitTotal":0.0,"creditUsed":0.0,"creditEnabled":0.0,"averageBalanceOfMonth":"NaN"},{"productId":"67fabf94ec8287214a828c9c","customerId":"67ec1a41fabf6d0f4ada9865","productType":"TARJETA DE CREDITO","familyType":"ACTIVE","totalAmountPassiveProduct":0.0,"accountNumber":"CC01-4406914878","creditLimitTotal":3000.0,"creditUsed":80.0,"creditEnabled":2920.0,"averageBalanceOfMonth":"NaN"}]} 
2025-04-20 15:54:19-451 [reactor-http-nio-4] INFO  c.b.b.config.WebClientFinanceApi - Response status: 404 NOT_FOUND 
2025-04-20 15:54:19-473 [reactor-http-nio-4] ERROR c.b.b.connector.FinanceConnector - API error get Resumes By ProductId 404 Not Found from GET http://localhost:8686 
2025-04-20 15:54:19-474 [reactor-http-nio-4] ERROR reactor.core.publisher.Operators - Operator called default onErrorDropped 
reactor.core.Exceptions$ErrorCallbackNotImplemented: org.springframework.web.reactive.function.client.WebClientResponseException$NotFound: 404 Not Found from GET http://localhost:8686
Caused by: org.springframework.web.reactive.function.client.WebClientResponseException$NotFound: 404 Not Found from GET http://localhost:8686
	at org.springframework.web.reactive.function.client.WebClientResponseException.create(WebClientResponseException.java:324)
	Suppressed: reactor.core.publisher.FluxOnAssembly$OnAssemblyException: 
Assembly trace from producer [reactor.core.publisher.MonoIgnoreThen] :
	reactor.core.publisher.Mono.then(Mono.java:4879)
	org.springframework.web.reactive.function.client.DefaultWebClient.releaseIfNotConsumed(DefaultWebClient.java:197)
Error has been observed at the following site(s):
	*___________Mono.then ⇢ at org.springframework.web.reactive.function.client.DefaultWebClient.releaseIfNotConsumed(DefaultWebClient.java:197)
	*________Mono.flatMap ⇢ at org.springframework.web.reactive.function.client.DefaultWebClient$DefaultResponseSpec.applyStatusHandlers(DefaultWebClient.java:695)
	|_ Mono.onErrorResume ⇢ at org.springframework.web.reactive.function.client.DefaultWebClient$DefaultResponseSpec.applyStatusHandlers(DefaultWebClient.java:696)
	|_       Mono.flatMap ⇢ at org.springframework.web.reactive.function.client.DefaultWebClient$DefaultResponseSpec.applyStatusHandlers(DefaultWebClient.java:701)
	|_         checkpoint ⇢ 404 NOT_FOUND from GET http://localhost:8686 [DefaultWebClient]
	|_          Mono.flux ⇢ at org.springframework.web.reactive.function.client.DefaultWebClient$DefaultResponseSpec.handleBodyFlux(DefaultWebClient.java:670)
	|_ Flux.switchIfEmpty ⇢ at org.springframework.web.reactive.function.client.DefaultWebClient$DefaultResponseSpec.handleBodyFlux(DefaultWebClient.java:670)
	*___________Mono.then ⇢ at org.springframework.web.reactive.function.client.DefaultWebClient.releaseIfNotConsumed(DefaultWebClient.java:197)
	*____Mono.flatMapMany ⇢ at org.springframework.web.reactive.function.client.DefaultWebClient$DefaultResponseSpec.bodyToFlux(DefaultWebClient.java:594)
	|_      Flux.doOnNext ⇢ at com.bootcamp.business_service.connector.FinanceConnector.getResumesByProductId(FinanceConnector.java:37)
	|_     Flux.doOnError ⇢ at com.bootcamp.business_service.connector.FinanceConnector.getResumesByProductId(FinanceConnector.java:38)
	|_      Flux.doOnNext ⇢ at com.bootcamp.business_service.service.impl.ReportServiceImpl.getAverage(ReportServiceImpl.java:97)
	|_           Flux.map ⇢ at com.bootcamp.business_service.service.impl.ReportServiceImpl.getAverage(ReportServiceImpl.java:98)
	|_   Flux.collectList ⇢ at com.bootcamp.business_service.service.impl.ReportServiceImpl.getAverage(ReportServiceImpl.java:100)
	|_           Mono.map ⇢ at com.bootcamp.business_service.service.impl.ReportServiceImpl.getAverage(ReportServiceImpl.java:101)
	|_   Mono.doOnSuccess ⇢ at com.bootcamp.business_service.service.impl.ReportServiceImpl.getAverage(ReportServiceImpl.java:102)
	|_ Mono.doOnSubscribe ⇢ at com.bootcamp.business_service.service.impl.ReportServiceImpl.getAverage(ReportServiceImpl.java:103)
Original Stack Trace:
		at org.springframework.web.reactive.function.client.WebClientResponseException.create(WebClientResponseException.java:324)
		at org.springframework.web.reactive.function.client.DefaultClientResponse.lambda$createException$1(DefaultClientResponse.java:214)
		at reactor.core.publisher.FluxMapFuseable$MapFuseableSubscriber.onNext(FluxMapFuseable.java:113)
		at reactor.core.publisher.FluxOnErrorReturn$ReturnSubscriber.onNext(FluxOnErrorReturn.java:162)
		at reactor.core.publisher.FluxDefaultIfEmpty$DefaultIfEmptySubscriber.onNext(FluxDefaultIfEmpty.java:122)
		at reactor.core.publisher.FluxMapFuseable$MapFuseableSubscriber.onNext(FluxMapFuseable.java:129)
		at reactor.core.publisher.FluxContextWrite$ContextWriteSubscriber.onNext(FluxContextWrite.java:107)
		at reactor.core.publisher.FluxMapFuseable$MapFuseableConditionalSubscriber.onNext(FluxMapFuseable.java:299)
		at reactor.core.publisher.FluxFilterFuseable$FilterFuseableConditionalSubscriber.onNext(FluxFilterFuseable.java:337)
		at reactor.core.publisher.Operators$BaseFluxToMonoOperator.completePossiblyEmpty(Operators.java:2097)
		at reactor.core.publisher.MonoCollect$CollectSubscriber.onComplete(MonoCollect.java:145)
		at reactor.core.publisher.FluxMapFuseable$MapFuseableSubscriber.onComplete(FluxMapFuseable.java:152)
		at reactor.core.publisher.FluxPeekFuseable$PeekFuseableSubscriber.onComplete(FluxPeekFuseable.java:277)
		at reactor.core.publisher.FluxMap$MapSubscriber.onComplete(FluxMap.java:144)
		at reactor.netty.channel.FluxReceive.onInboundComplete(FluxReceive.java:413)
		at reactor.netty.channel.ChannelOperations.onInboundComplete(ChannelOperations.java:455)
		at reactor.netty.channel.ChannelOperations.terminate(ChannelOperations.java:509)
		at reactor.netty.http.client.HttpClientOperations.onInboundNext(HttpClientOperations.java:824)
		at reactor.netty.channel.ChannelOperationsHandler.channelRead(ChannelOperationsHandler.java:115)
		at io.netty.channel.AbstractChannelHandlerContext.invokeChannelRead(AbstractChannelHandlerContext.java:444)
		at io.netty.channel.AbstractChannelHandlerContext.invokeChannelRead(AbstractChannelHandlerContext.java:420)
		at io.netty.channel.AbstractChannelHandlerContext.fireChannelRead(AbstractChannelHandlerContext.java:412)
		at io.netty.handler.codec.MessageToMessageDecoder.channelRead(MessageToMessageDecoder.java:107)
		at io.netty.channel.AbstractChannelHandlerContext.invokeChannelRead(AbstractChannelHandlerContext.java:444)
		at io.netty.channel.AbstractChannelHandlerContext.invokeChannelRead(AbstractChannelHandlerContext.java:420)
		at io.netty.channel.AbstractChannelHandlerContext.fireChannelRead(AbstractChannelHandlerContext.java:412)
		at io.netty.channel.CombinedChannelDuplexHandler$DelegatingChannelHandlerContext.fireChannelRead(CombinedChannelDuplexHandler.java:436)
		at io.netty.handler.codec.ByteToMessageDecoder.fireChannelRead(ByteToMessageDecoder.java:346)
		at io.netty.handler.codec.ByteToMessageDecoder.channelRead(ByteToMessageDecoder.java:318)
		at io.netty.channel.CombinedChannelDuplexHandler.channelRead(CombinedChannelDuplexHandler.java:251)
		at io.netty.channel.AbstractChannelHandlerContext.invokeChannelRead(AbstractChannelHandlerContext.java:442)
		at io.netty.channel.AbstractChannelHandlerContext.invokeChannelRead(AbstractChannelHandlerContext.java:420)
		at io.netty.channel.AbstractChannelHandlerContext.fireChannelRead(AbstractChannelHandlerContext.java:412)
		at io.netty.channel.DefaultChannelPipeline$HeadContext.channelRead(DefaultChannelPipeline.java:1357)
		at io.netty.channel.AbstractChannelHandlerContext.invokeChannelRead(AbstractChannelHandlerContext.java:440)
		at io.netty.channel.AbstractChannelHandlerContext.invokeChannelRead(AbstractChannelHandlerContext.java:420)
		at io.netty.channel.DefaultChannelPipeline.fireChannelRead(DefaultChannelPipeline.java:868)
		at io.netty.channel.nio.AbstractNioByteChannel$NioByteUnsafe.read(AbstractNioByteChannel.java:166)
		at io.netty.channel.nio.NioEventLoop.processSelectedKey(NioEventLoop.java:796)
		at io.netty.channel.nio.NioEventLoop.processSelectedKeysOptimized(NioEventLoop.java:732)
		at io.netty.channel.nio.NioEventLoop.processSelectedKeys(NioEventLoop.java:658)
		at io.netty.channel.nio.NioEventLoop.run(NioEventLoop.java:562)
		at io.netty.util.concurrent.SingleThreadEventExecutor$4.run(SingleThreadEventExecutor.java:998)
		at io.netty.util.internal.ThreadExecutorMap$2.run(ThreadExecutorMap.java:74)
		at io.netty.util.concurrent.FastThreadLocalRunnable.run(FastThreadLocalRunnable.java:30)
		at java.base/java.lang.Thread.run(Thread.java:842)
2025-04-20 15:54:19-479 [reactor-http-nio-4] INFO  c.b.b.config.WebClientFinanceApi - Response status: 404 NOT_FOUND 
2025-04-20 15:54:19-481 [reactor-http-nio-4] ERROR c.b.b.connector.FinanceConnector - API error get Resumes By ProductId 404 Not Found from GET http://localhost:8686 
2025-04-20 15:54:19-482 [reactor-http-nio-4] ERROR reactor.core.publisher.Operators - Operator called default onErrorDropped 
reactor.core.Exceptions$ErrorCallbackNotImplemented: org.springframework.web.reactive.function.client.WebClientResponseException$NotFound: 404 Not Found from GET http://localhost:8686
Caused by: org.springframework.web.reactive.function.client.WebClientResponseException$NotFound: 404 Not Found from GET http://localhost:8686
	at org.springframework.web.reactive.function.client.WebClientResponseException.create(WebClientResponseException.java:324)
	Suppressed: reactor.core.publisher.FluxOnAssembly$OnAssemblyException: 
Assembly trace from producer [reactor.core.publisher.MonoIgnoreThen] :
	reactor.core.publisher.Mono.then(Mono.java:4879)
	org.springframework.web.reactive.function.client.DefaultWebClient.releaseIfNotConsumed(DefaultWebClient.java:197)
Error has been observed at the following site(s):
	*___________Mono.then ⇢ at org.springframework.web.reactive.function.client.DefaultWebClient.releaseIfNotConsumed(DefaultWebClient.java:197)
	*________Mono.flatMap ⇢ at org.springframework.web.reactive.function.client.DefaultWebClient$DefaultResponseSpec.applyStatusHandlers(DefaultWebClient.java:695)
	|_ Mono.onErrorResume ⇢ at org.springframework.web.reactive.function.client.DefaultWebClient$DefaultResponseSpec.applyStatusHandlers(DefaultWebClient.java:696)
	|_       Mono.flatMap ⇢ at org.springframework.web.reactive.function.client.DefaultWebClient$DefaultResponseSpec.applyStatusHandlers(DefaultWebClient.java:701)
	|_         checkpoint ⇢ 404 NOT_FOUND from GET http://localhost:8686 [DefaultWebClient]
	|_          Mono.flux ⇢ at org.springframework.web.reactive.function.client.DefaultWebClient$DefaultResponseSpec.handleBodyFlux(DefaultWebClient.java:670)
	|_ Flux.switchIfEmpty ⇢ at org.springframework.web.reactive.function.client.DefaultWebClient$DefaultResponseSpec.handleBodyFlux(DefaultWebClient.java:670)
	*___________Mono.then ⇢ at org.springframework.web.reactive.function.client.DefaultWebClient.releaseIfNotConsumed(DefaultWebClient.java:197)
	*____Mono.flatMapMany ⇢ at org.springframework.web.reactive.function.client.DefaultWebClient$DefaultResponseSpec.bodyToFlux(DefaultWebClient.java:594)
	|_      Flux.doOnNext ⇢ at com.bootcamp.business_service.connector.FinanceConnector.getResumesByProductId(FinanceConnector.java:37)
	|_     Flux.doOnError ⇢ at com.bootcamp.business_service.connector.FinanceConnector.getResumesByProductId(FinanceConnector.java:38)
	|_      Flux.doOnNext ⇢ at com.bootcamp.business_service.service.impl.ReportServiceImpl.getAverage(ReportServiceImpl.java:97)
	|_           Flux.map ⇢ at com.bootcamp.business_service.service.impl.ReportServiceImpl.getAverage(ReportServiceImpl.java:98)
	|_   Flux.collectList ⇢ at com.bootcamp.business_service.service.impl.ReportServiceImpl.getAverage(ReportServiceImpl.java:100)
	|_           Mono.map ⇢ at com.bootcamp.business_service.service.impl.ReportServiceImpl.getAverage(ReportServiceImpl.java:101)
	|_   Mono.doOnSuccess ⇢ at com.bootcamp.business_service.service.impl.ReportServiceImpl.getAverage(ReportServiceImpl.java:102)
	|_ Mono.doOnSubscribe ⇢ at com.bootcamp.business_service.service.impl.ReportServiceImpl.getAverage(ReportServiceImpl.java:103)
Original Stack Trace:
		at org.springframework.web.reactive.function.client.WebClientResponseException.create(WebClientResponseException.java:324)
		at org.springframework.web.reactive.function.client.DefaultClientResponse.lambda$createException$1(DefaultClientResponse.java:214)
		at reactor.core.publisher.FluxMapFuseable$MapFuseableSubscriber.onNext(FluxMapFuseable.java:113)
		at reactor.core.publisher.FluxOnErrorReturn$ReturnSubscriber.onNext(FluxOnErrorReturn.java:162)
		at reactor.core.publisher.FluxDefaultIfEmpty$DefaultIfEmptySubscriber.onNext(FluxDefaultIfEmpty.java:122)
		at reactor.core.publisher.FluxMapFuseable$MapFuseableSubscriber.onNext(FluxMapFuseable.java:129)
		at reactor.core.publisher.FluxContextWrite$ContextWriteSubscriber.onNext(FluxContextWrite.java:107)
		at reactor.core.publisher.FluxMapFuseable$MapFuseableConditionalSubscriber.onNext(FluxMapFuseable.java:299)
		at reactor.core.publisher.FluxFilterFuseable$FilterFuseableConditionalSubscriber.onNext(FluxFilterFuseable.java:337)
		at reactor.core.publisher.Operators$BaseFluxToMonoOperator.completePossiblyEmpty(Operators.java:2097)
		at reactor.core.publisher.MonoCollect$CollectSubscriber.onComplete(MonoCollect.java:145)
		at reactor.core.publisher.FluxMapFuseable$MapFuseableSubscriber.onComplete(FluxMapFuseable.java:152)
		at reactor.core.publisher.FluxPeekFuseable$PeekFuseableSubscriber.onComplete(FluxPeekFuseable.java:277)
		at reactor.core.publisher.FluxMap$MapSubscriber.onComplete(FluxMap.java:144)
		at reactor.netty.channel.FluxReceive.onInboundComplete(FluxReceive.java:413)
		at reactor.netty.channel.ChannelOperations.onInboundComplete(ChannelOperations.java:455)
		at reactor.netty.channel.ChannelOperations.terminate(ChannelOperations.java:509)
		at reactor.netty.http.client.HttpClientOperations.onInboundNext(HttpClientOperations.java:824)
		at reactor.netty.channel.ChannelOperationsHandler.channelRead(ChannelOperationsHandler.java:115)
		at io.netty.channel.AbstractChannelHandlerContext.invokeChannelRead(AbstractChannelHandlerContext.java:444)
		at io.netty.channel.AbstractChannelHandlerContext.invokeChannelRead(AbstractChannelHandlerContext.java:420)
		at io.netty.channel.AbstractChannelHandlerContext.fireChannelRead(AbstractChannelHandlerContext.java:412)
		at io.netty.handler.codec.MessageToMessageDecoder.channelRead(MessageToMessageDecoder.java:107)
		at io.netty.channel.AbstractChannelHandlerContext.invokeChannelRead(AbstractChannelHandlerContext.java:444)
		at io.netty.channel.AbstractChannelHandlerContext.invokeChannelRead(AbstractChannelHandlerContext.java:420)
		at io.netty.channel.AbstractChannelHandlerContext.fireChannelRead(AbstractChannelHandlerContext.java:412)
		at io.netty.channel.CombinedChannelDuplexHandler$DelegatingChannelHandlerContext.fireChannelRead(CombinedChannelDuplexHandler.java:436)
		at io.netty.handler.codec.ByteToMessageDecoder.fireChannelRead(ByteToMessageDecoder.java:346)
		at io.netty.handler.codec.ByteToMessageDecoder.channelRead(ByteToMessageDecoder.java:318)
		at io.netty.channel.CombinedChannelDuplexHandler.channelRead(CombinedChannelDuplexHandler.java:251)
		at io.netty.channel.AbstractChannelHandlerContext.invokeChannelRead(AbstractChannelHandlerContext.java:442)
		at io.netty.channel.AbstractChannelHandlerContext.invokeChannelRead(AbstractChannelHandlerContext.java:420)
		at io.netty.channel.AbstractChannelHandlerContext.fireChannelRead(AbstractChannelHandlerContext.java:412)
		at io.netty.channel.DefaultChannelPipeline$HeadContext.channelRead(DefaultChannelPipeline.java:1357)
		at io.netty.channel.AbstractChannelHandlerContext.invokeChannelRead(AbstractChannelHandlerContext.java:440)
		at io.netty.channel.AbstractChannelHandlerContext.invokeChannelRead(AbstractChannelHandlerContext.java:420)
		at io.netty.channel.DefaultChannelPipeline.fireChannelRead(DefaultChannelPipeline.java:868)
		at io.netty.channel.nio.AbstractNioByteChannel$NioByteUnsafe.read(AbstractNioByteChannel.java:166)
		at io.netty.channel.nio.NioEventLoop.processSelectedKey(NioEventLoop.java:796)
		at io.netty.channel.nio.NioEventLoop.processSelectedKeysOptimized(NioEventLoop.java:732)
		at io.netty.channel.nio.NioEventLoop.processSelectedKeys(NioEventLoop.java:658)
		at io.netty.channel.nio.NioEventLoop.run(NioEventLoop.java:562)
		at io.netty.util.concurrent.SingleThreadEventExecutor$4.run(SingleThreadEventExecutor.java:998)
		at io.netty.util.internal.ThreadExecutorMap$2.run(ThreadExecutorMap.java:74)
		at io.netty.util.concurrent.FastThreadLocalRunnable.run(FastThreadLocalRunnable.java:30)
		at java.base/java.lang.Thread.run(Thread.java:842)
2025-04-20 15:54:19-484 [reactor-http-nio-4] INFO  c.b.b.config.WebClientFinanceApi - Response status: 404 NOT_FOUND 
2025-04-20 15:54:19-485 [reactor-http-nio-4] ERROR c.b.b.connector.FinanceConnector - API error get Resumes By ProductId 404 Not Found from GET http://localhost:8686 
2025-04-20 15:54:19-485 [reactor-http-nio-4] ERROR reactor.core.publisher.Operators - Operator called default onErrorDropped 
reactor.core.Exceptions$ErrorCallbackNotImplemented: org.springframework.web.reactive.function.client.WebClientResponseException$NotFound: 404 Not Found from GET http://localhost:8686
Caused by: org.springframework.web.reactive.function.client.WebClientResponseException$NotFound: 404 Not Found from GET http://localhost:8686
	at org.springframework.web.reactive.function.client.WebClientResponseException.create(WebClientResponseException.java:324)
	Suppressed: reactor.core.publisher.FluxOnAssembly$OnAssemblyException: 
Assembly trace from producer [reactor.core.publisher.MonoIgnoreThen] :
	reactor.core.publisher.Mono.then(Mono.java:4879)
	org.springframework.web.reactive.function.client.DefaultWebClient.releaseIfNotConsumed(DefaultWebClient.java:197)
Error has been observed at the following site(s):
	*___________Mono.then ⇢ at org.springframework.web.reactive.function.client.DefaultWebClient.releaseIfNotConsumed(DefaultWebClient.java:197)
	*________Mono.flatMap ⇢ at org.springframework.web.reactive.function.client.DefaultWebClient$DefaultResponseSpec.applyStatusHandlers(DefaultWebClient.java:695)
	|_ Mono.onErrorResume ⇢ at org.springframework.web.reactive.function.client.DefaultWebClient$DefaultResponseSpec.applyStatusHandlers(DefaultWebClient.java:696)
	|_       Mono.flatMap ⇢ at org.springframework.web.reactive.function.client.DefaultWebClient$DefaultResponseSpec.applyStatusHandlers(DefaultWebClient.java:701)
	|_         checkpoint ⇢ 404 NOT_FOUND from GET http://localhost:8686 [DefaultWebClient]
	|_          Mono.flux ⇢ at org.springframework.web.reactive.function.client.DefaultWebClient$DefaultResponseSpec.handleBodyFlux(DefaultWebClient.java:670)
	|_ Flux.switchIfEmpty ⇢ at org.springframework.web.reactive.function.client.DefaultWebClient$DefaultResponseSpec.handleBodyFlux(DefaultWebClient.java:670)
	*___________Mono.then ⇢ at org.springframework.web.reactive.function.client.DefaultWebClient.releaseIfNotConsumed(DefaultWebClient.java:197)
	*____Mono.flatMapMany ⇢ at org.springframework.web.reactive.function.client.DefaultWebClient$DefaultResponseSpec.bodyToFlux(DefaultWebClient.java:594)
	|_      Flux.doOnNext ⇢ at com.bootcamp.business_service.connector.FinanceConnector.getResumesByProductId(FinanceConnector.java:37)
	|_     Flux.doOnError ⇢ at com.bootcamp.business_service.connector.FinanceConnector.getResumesByProductId(FinanceConnector.java:38)
	|_      Flux.doOnNext ⇢ at com.bootcamp.business_service.service.impl.ReportServiceImpl.getAverage(ReportServiceImpl.java:97)
	|_           Flux.map ⇢ at com.bootcamp.business_service.service.impl.ReportServiceImpl.getAverage(ReportServiceImpl.java:98)
	|_   Flux.collectList ⇢ at com.bootcamp.business_service.service.impl.ReportServiceImpl.getAverage(ReportServiceImpl.java:100)
	|_           Mono.map ⇢ at com.bootcamp.business_service.service.impl.ReportServiceImpl.getAverage(ReportServiceImpl.java:101)
	|_   Mono.doOnSuccess ⇢ at com.bootcamp.business_service.service.impl.ReportServiceImpl.getAverage(ReportServiceImpl.java:102)
	|_ Mono.doOnSubscribe ⇢ at com.bootcamp.business_service.service.impl.ReportServiceImpl.getAverage(ReportServiceImpl.java:103)
Original Stack Trace:
		at org.springframework.web.reactive.function.client.WebClientResponseException.create(WebClientResponseException.java:324)
		at org.springframework.web.reactive.function.client.DefaultClientResponse.lambda$createException$1(DefaultClientResponse.java:214)
		at reactor.core.publisher.FluxMapFuseable$MapFuseableSubscriber.onNext(FluxMapFuseable.java:113)
		at reactor.core.publisher.FluxOnErrorReturn$ReturnSubscriber.onNext(FluxOnErrorReturn.java:162)
		at reactor.core.publisher.FluxDefaultIfEmpty$DefaultIfEmptySubscriber.onNext(FluxDefaultIfEmpty.java:122)
		at reactor.core.publisher.FluxMapFuseable$MapFuseableSubscriber.onNext(FluxMapFuseable.java:129)
		at reactor.core.publisher.FluxContextWrite$ContextWriteSubscriber.onNext(FluxContextWrite.java:107)
		at reactor.core.publisher.FluxMapFuseable$MapFuseableConditionalSubscriber.onNext(FluxMapFuseable.java:299)
		at reactor.core.publisher.FluxFilterFuseable$FilterFuseableConditionalSubscriber.onNext(FluxFilterFuseable.java:337)
		at reactor.core.publisher.Operators$BaseFluxToMonoOperator.completePossiblyEmpty(Operators.java:2097)
		at reactor.core.publisher.MonoCollect$CollectSubscriber.onComplete(MonoCollect.java:145)
		at reactor.core.publisher.FluxMapFuseable$MapFuseableSubscriber.onComplete(FluxMapFuseable.java:152)
		at reactor.core.publisher.FluxPeekFuseable$PeekFuseableSubscriber.onComplete(FluxPeekFuseable.java:277)
		at reactor.core.publisher.FluxMap$MapSubscriber.onComplete(FluxMap.java:144)
		at reactor.netty.channel.FluxReceive.onInboundComplete(FluxReceive.java:413)
		at reactor.netty.channel.ChannelOperations.onInboundComplete(ChannelOperations.java:455)
		at reactor.netty.channel.ChannelOperations.terminate(ChannelOperations.java:509)
		at reactor.netty.http.client.HttpClientOperations.onInboundNext(HttpClientOperations.java:824)
		at reactor.netty.channel.ChannelOperationsHandler.channelRead(ChannelOperationsHandler.java:115)
		at io.netty.channel.AbstractChannelHandlerContext.invokeChannelRead(AbstractChannelHandlerContext.java:444)
		at io.netty.channel.AbstractChannelHandlerContext.invokeChannelRead(AbstractChannelHandlerContext.java:420)
		at io.netty.channel.AbstractChannelHandlerContext.fireChannelRead(AbstractChannelHandlerContext.java:412)
		at io.netty.handler.codec.MessageToMessageDecoder.channelRead(MessageToMessageDecoder.java:107)
		at io.netty.channel.AbstractChannelHandlerContext.invokeChannelRead(AbstractChannelHandlerContext.java:444)
		at io.netty.channel.AbstractChannelHandlerContext.invokeChannelRead(AbstractChannelHandlerContext.java:420)
		at io.netty.channel.AbstractChannelHandlerContext.fireChannelRead(AbstractChannelHandlerContext.java:412)
		at io.netty.channel.CombinedChannelDuplexHandler$DelegatingChannelHandlerContext.fireChannelRead(CombinedChannelDuplexHandler.java:436)
		at io.netty.handler.codec.ByteToMessageDecoder.fireChannelRead(ByteToMessageDecoder.java:346)
		at io.netty.handler.codec.ByteToMessageDecoder.channelRead(ByteToMessageDecoder.java:318)
		at io.netty.channel.CombinedChannelDuplexHandler.channelRead(CombinedChannelDuplexHandler.java:251)
		at io.netty.channel.AbstractChannelHandlerContext.invokeChannelRead(AbstractChannelHandlerContext.java:442)
		at io.netty.channel.AbstractChannelHandlerContext.invokeChannelRead(AbstractChannelHandlerContext.java:420)
		at io.netty.channel.AbstractChannelHandlerContext.fireChannelRead(AbstractChannelHandlerContext.java:412)
		at io.netty.channel.DefaultChannelPipeline$HeadContext.channelRead(DefaultChannelPipeline.java:1357)
		at io.netty.channel.AbstractChannelHandlerContext.invokeChannelRead(AbstractChannelHandlerContext.java:440)
		at io.netty.channel.AbstractChannelHandlerContext.invokeChannelRead(AbstractChannelHandlerContext.java:420)
		at io.netty.channel.DefaultChannelPipeline.fireChannelRead(DefaultChannelPipeline.java:868)
		at io.netty.channel.nio.AbstractNioByteChannel$NioByteUnsafe.read(AbstractNioByteChannel.java:166)
		at io.netty.channel.nio.NioEventLoop.processSelectedKey(NioEventLoop.java:796)
		at io.netty.channel.nio.NioEventLoop.processSelectedKeysOptimized(NioEventLoop.java:732)
		at io.netty.channel.nio.NioEventLoop.processSelectedKeys(NioEventLoop.java:658)
		at io.netty.channel.nio.NioEventLoop.run(NioEventLoop.java:562)
		at io.netty.util.concurrent.SingleThreadEventExecutor$4.run(SingleThreadEventExecutor.java:998)
		at io.netty.util.internal.ThreadExecutorMap$2.run(ThreadExecutorMap.java:74)
		at io.netty.util.concurrent.FastThreadLocalRunnable.run(FastThreadLocalRunnable.java:30)
		at java.base/java.lang.Thread.run(Thread.java:842)
2025-04-20 15:54:19-487 [reactor-http-nio-4] INFO  c.b.b.config.WebClientFinanceApi - Response status: 404 NOT_FOUND 
2025-04-20 15:54:19-490 [reactor-http-nio-4] ERROR c.b.b.connector.FinanceConnector - API error get Resumes By ProductId 404 Not Found from GET http://localhost:8686 
2025-04-20 15:54:19-490 [reactor-http-nio-4] ERROR reactor.core.publisher.Operators - Operator called default onErrorDropped 
reactor.core.Exceptions$ErrorCallbackNotImplemented: org.springframework.web.reactive.function.client.WebClientResponseException$NotFound: 404 Not Found from GET http://localhost:8686
Caused by: org.springframework.web.reactive.function.client.WebClientResponseException$NotFound: 404 Not Found from GET http://localhost:8686
	at org.springframework.web.reactive.function.client.WebClientResponseException.create(WebClientResponseException.java:324)
	Suppressed: reactor.core.publisher.FluxOnAssembly$OnAssemblyException: 
Assembly trace from producer [reactor.core.publisher.MonoIgnoreThen] :
	reactor.core.publisher.Mono.then(Mono.java:4879)
	org.springframework.web.reactive.function.client.DefaultWebClient.releaseIfNotConsumed(DefaultWebClient.java:197)
Error has been observed at the following site(s):
	*___________Mono.then ⇢ at org.springframework.web.reactive.function.client.DefaultWebClient.releaseIfNotConsumed(DefaultWebClient.java:197)
	*________Mono.flatMap ⇢ at org.springframework.web.reactive.function.client.DefaultWebClient$DefaultResponseSpec.applyStatusHandlers(DefaultWebClient.java:695)
	|_ Mono.onErrorResume ⇢ at org.springframework.web.reactive.function.client.DefaultWebClient$DefaultResponseSpec.applyStatusHandlers(DefaultWebClient.java:696)
	|_       Mono.flatMap ⇢ at org.springframework.web.reactive.function.client.DefaultWebClient$DefaultResponseSpec.applyStatusHandlers(DefaultWebClient.java:701)
	|_         checkpoint ⇢ 404 NOT_FOUND from GET http://localhost:8686 [DefaultWebClient]
	|_          Mono.flux ⇢ at org.springframework.web.reactive.function.client.DefaultWebClient$DefaultResponseSpec.handleBodyFlux(DefaultWebClient.java:670)
	|_ Flux.switchIfEmpty ⇢ at org.springframework.web.reactive.function.client.DefaultWebClient$DefaultResponseSpec.handleBodyFlux(DefaultWebClient.java:670)
	*___________Mono.then ⇢ at org.springframework.web.reactive.function.client.DefaultWebClient.releaseIfNotConsumed(DefaultWebClient.java:197)
	*____Mono.flatMapMany ⇢ at org.springframework.web.reactive.function.client.DefaultWebClient$DefaultResponseSpec.bodyToFlux(DefaultWebClient.java:594)
	|_      Flux.doOnNext ⇢ at com.bootcamp.business_service.connector.FinanceConnector.getResumesByProductId(FinanceConnector.java:37)
	|_     Flux.doOnError ⇢ at com.bootcamp.business_service.connector.FinanceConnector.getResumesByProductId(FinanceConnector.java:38)
	|_      Flux.doOnNext ⇢ at com.bootcamp.business_service.service.impl.ReportServiceImpl.getAverage(ReportServiceImpl.java:97)
	|_           Flux.map ⇢ at com.bootcamp.business_service.service.impl.ReportServiceImpl.getAverage(ReportServiceImpl.java:98)
	|_   Flux.collectList ⇢ at com.bootcamp.business_service.service.impl.ReportServiceImpl.getAverage(ReportServiceImpl.java:100)
	|_           Mono.map ⇢ at com.bootcamp.business_service.service.impl.ReportServiceImpl.getAverage(ReportServiceImpl.java:101)
	|_   Mono.doOnSuccess ⇢ at com.bootcamp.business_service.service.impl.ReportServiceImpl.getAverage(ReportServiceImpl.java:102)
	|_ Mono.doOnSubscribe ⇢ at com.bootcamp.business_service.service.impl.ReportServiceImpl.getAverage(ReportServiceImpl.java:103)
Original Stack Trace:
		at org.springframework.web.reactive.function.client.WebClientResponseException.create(WebClientResponseException.java:324)
		at org.springframework.web.reactive.function.client.DefaultClientResponse.lambda$createException$1(DefaultClientResponse.java:214)
		at reactor.core.publisher.FluxMapFuseable$MapFuseableSubscriber.onNext(FluxMapFuseable.java:113)
		at reactor.core.publisher.FluxOnErrorReturn$ReturnSubscriber.onNext(FluxOnErrorReturn.java:162)
		at reactor.core.publisher.FluxDefaultIfEmpty$DefaultIfEmptySubscriber.onNext(FluxDefaultIfEmpty.java:122)
		at reactor.core.publisher.FluxMapFuseable$MapFuseableSubscriber.onNext(FluxMapFuseable.java:129)
		at reactor.core.publisher.FluxContextWrite$ContextWriteSubscriber.onNext(FluxContextWrite.java:107)
		at reactor.core.publisher.FluxMapFuseable$MapFuseableConditionalSubscriber.onNext(FluxMapFuseable.java:299)
		at reactor.core.publisher.FluxFilterFuseable$FilterFuseableConditionalSubscriber.onNext(FluxFilterFuseable.java:337)
		at reactor.core.publisher.Operators$BaseFluxToMonoOperator.completePossiblyEmpty(Operators.java:2097)
		at reactor.core.publisher.MonoCollect$CollectSubscriber.onComplete(MonoCollect.java:145)
		at reactor.core.publisher.FluxMapFuseable$MapFuseableSubscriber.onComplete(FluxMapFuseable.java:152)
		at reactor.core.publisher.FluxPeekFuseable$PeekFuseableSubscriber.onComplete(FluxPeekFuseable.java:277)
		at reactor.core.publisher.FluxMap$MapSubscriber.onComplete(FluxMap.java:144)
		at reactor.netty.channel.FluxReceive.onInboundComplete(FluxReceive.java:413)
		at reactor.netty.channel.ChannelOperations.onInboundComplete(ChannelOperations.java:455)
		at reactor.netty.channel.ChannelOperations.terminate(ChannelOperations.java:509)
		at reactor.netty.http.client.HttpClientOperations.onInboundNext(HttpClientOperations.java:824)
		at reactor.netty.channel.ChannelOperationsHandler.channelRead(ChannelOperationsHandler.java:115)
		at io.netty.channel.AbstractChannelHandlerContext.invokeChannelRead(AbstractChannelHandlerContext.java:444)
		at io.netty.channel.AbstractChannelHandlerContext.invokeChannelRead(AbstractChannelHandlerContext.java:420)
		at io.netty.channel.AbstractChannelHandlerContext.fireChannelRead(AbstractChannelHandlerContext.java:412)
		at io.netty.handler.codec.MessageToMessageDecoder.channelRead(MessageToMessageDecoder.java:107)
		at io.netty.channel.AbstractChannelHandlerContext.invokeChannelRead(AbstractChannelHandlerContext.java:444)
		at io.netty.channel.AbstractChannelHandlerContext.invokeChannelRead(AbstractChannelHandlerContext.java:420)
		at io.netty.channel.AbstractChannelHandlerContext.fireChannelRead(AbstractChannelHandlerContext.java:412)
		at io.netty.channel.CombinedChannelDuplexHandler$DelegatingChannelHandlerContext.fireChannelRead(CombinedChannelDuplexHandler.java:436)
		at io.netty.handler.codec.ByteToMessageDecoder.fireChannelRead(ByteToMessageDecoder.java:346)
		at io.netty.handler.codec.ByteToMessageDecoder.channelRead(ByteToMessageDecoder.java:318)
		at io.netty.channel.CombinedChannelDuplexHandler.channelRead(CombinedChannelDuplexHandler.java:251)
		at io.netty.channel.AbstractChannelHandlerContext.invokeChannelRead(AbstractChannelHandlerContext.java:442)
		at io.netty.channel.AbstractChannelHandlerContext.invokeChannelRead(AbstractChannelHandlerContext.java:420)
		at io.netty.channel.AbstractChannelHandlerContext.fireChannelRead(AbstractChannelHandlerContext.java:412)
		at io.netty.channel.DefaultChannelPipeline$HeadContext.channelRead(DefaultChannelPipeline.java:1357)
		at io.netty.channel.AbstractChannelHandlerContext.invokeChannelRead(AbstractChannelHandlerContext.java:440)
		at io.netty.channel.AbstractChannelHandlerContext.invokeChannelRead(AbstractChannelHandlerContext.java:420)
		at io.netty.channel.DefaultChannelPipeline.fireChannelRead(DefaultChannelPipeline.java:868)
		at io.netty.channel.nio.AbstractNioByteChannel$NioByteUnsafe.read(AbstractNioByteChannel.java:166)
		at io.netty.channel.nio.NioEventLoop.processSelectedKey(NioEventLoop.java:796)
		at io.netty.channel.nio.NioEventLoop.processSelectedKeysOptimized(NioEventLoop.java:732)
		at io.netty.channel.nio.NioEventLoop.processSelectedKeys(NioEventLoop.java:658)
		at io.netty.channel.nio.NioEventLoop.run(NioEventLoop.java:562)
		at io.netty.util.concurrent.SingleThreadEventExecutor$4.run(SingleThreadEventExecutor.java:998)
		at io.netty.util.internal.ThreadExecutorMap$2.run(ThreadExecutorMap.java:74)
		at io.netty.util.concurrent.FastThreadLocalRunnable.run(FastThreadLocalRunnable.java:30)
		at java.base/java.lang.Thread.run(Thread.java:842)
2025-04-20 15:58:59-867 [AsyncResolver-bootstrap-executor-%d] INFO  c.n.d.s.r.aws.ConfigClusterResolver - Resolving eureka endpoints via configuration 
2025-04-20 15:59:26-474 [SpringApplicationShutdownHook] INFO  o.s.c.n.e.s.EurekaServiceRegistry - Unregistering application BUSINESS-SERVICE with eureka with status DOWN 
2025-04-20 15:59:26-475 [SpringApplicationShutdownHook] INFO  c.netflix.discovery.DiscoveryClient - Saw local status change event StatusChangeEvent [timestamp=1745182766475, current=DOWN, previous=UP] 
2025-04-20 15:59:26-475 [DiscoveryClient-InstanceInfoReplicator-%d] INFO  c.netflix.discovery.DiscoveryClient - DiscoveryClient_BUSINESS-SERVICE/business-service:8585: registering service... 
2025-04-20 15:59:26-478 [SpringApplicationShutdownHook] INFO  o.s.b.w.e.netty.GracefulShutdown - Commencing graceful shutdown. Waiting for active requests to complete 
2025-04-20 15:59:26-482 [netty-shutdown] INFO  o.s.b.w.e.netty.GracefulShutdown - Graceful shutdown complete 
2025-04-20 15:59:26-485 [DiscoveryClient-InstanceInfoReplicator-%d] INFO  c.netflix.discovery.DiscoveryClient - DiscoveryClient_BUSINESS-SERVICE/business-service:8585 - registration status: 204 
2025-04-20 15:59:36-420 [background-preinit] INFO  o.h.validator.internal.util.Version - HV000001: Hibernate Validator 8.0.2.Final 
2025-04-20 15:59:36-462 [main] INFO  c.b.b.BusinessServiceApplication - Starting BusinessServiceApplication using Java 17.0.12 with PID 19248 (C:\Users\mgarcsar\Documents\Bootcamp\etregables\business-service\target\classes started by mgarcsar in C:\Users\mgarcsar\Documents\Bootcamp\etregables\business-service) 
2025-04-20 15:59:36-463 [main] INFO  c.b.b.BusinessServiceApplication - The following 1 profile is active: "local" 
2025-04-20 15:59:36-494 [main] INFO  o.s.c.c.c.ConfigServerConfigDataLoader - Fetching config from server at : http://localhost:8888 
2025-04-20 15:59:36-495 [main] INFO  o.s.c.c.c.ConfigServerConfigDataLoader - Located environment: name=business-service, profiles=[default], label=null, version=5948961345ff92c7a8feec89a952e9773d3de713, state= 
2025-04-20 15:59:36-495 [main] INFO  o.s.c.c.c.ConfigServerConfigDataLoader - Fetching config from server at : http://localhost:8888 
2025-04-20 15:59:36-495 [main] INFO  o.s.c.c.c.ConfigServerConfigDataLoader - Located environment: name=business-service, profiles=[local], label=null, version=5948961345ff92c7a8feec89a952e9773d3de713, state= 
2025-04-20 15:59:37-773 [main] INFO  o.s.cloud.context.scope.GenericScope - BeanFactory id=3a22edfb-ee61-33fe-94a2-bcf8fbe89c21 
2025-04-20 15:59:40-326 [main] INFO  o.s.b.a.e.web.EndpointLinksResolver - Exposing 3 endpoints beneath base path '/actuator' 
2025-04-20 15:59:41-169 [main] INFO  o.s.c.n.e.c.DiscoveryClientOptionalArgsConfiguration - Eureka HTTP Client uses RestTemplate. 
2025-04-20 15:59:41-277 [main] WARN  o.s.c.l.c.LoadBalancerCacheAutoConfiguration$LoadBalancerCaffeineWarnLogger - Spring Cloud LoadBalancer is currently working with the default cache. While this cache implementation is useful for development and tests, it's recommended to use Caffeine cache in production.You can switch to using Caffeine cache, by adding it and org.springframework.cache.caffeine.CaffeineCacheManager to the classpath. 
2025-04-20 15:59:41-360 [main] INFO  o.s.c.n.eureka.InstanceInfoFactory - Setting initial instance status as: STARTING 
2025-04-20 15:59:41-388 [main] INFO  c.netflix.discovery.DiscoveryClient - Initializing Eureka in region us-east-1 
2025-04-20 15:59:41-392 [main] INFO  c.n.d.s.r.aws.ConfigClusterResolver - Resolving eureka endpoints via configuration 
2025-04-20 15:59:41-405 [main] INFO  c.netflix.discovery.DiscoveryClient - Disable delta property : false 
2025-04-20 15:59:41-405 [main] INFO  c.netflix.discovery.DiscoveryClient - Single vip registry refresh property : null 
2025-04-20 15:59:41-405 [main] INFO  c.netflix.discovery.DiscoveryClient - Force full registry fetch : false 
2025-04-20 15:59:41-405 [main] INFO  c.netflix.discovery.DiscoveryClient - Application is null : false 
2025-04-20 15:59:41-406 [main] INFO  c.netflix.discovery.DiscoveryClient - Registered Applications size is zero : true 
2025-04-20 15:59:41-406 [main] INFO  c.netflix.discovery.DiscoveryClient - Application version is -1: true 
2025-04-20 15:59:41-406 [main] INFO  c.netflix.discovery.DiscoveryClient - Getting all instance registry info from the eureka server 
2025-04-20 15:59:41-625 [main] INFO  c.netflix.discovery.DiscoveryClient - The response status is 200 
2025-04-20 15:59:41-628 [main] INFO  c.netflix.discovery.DiscoveryClient - Starting heartbeat executor: renew interval is: 30 
2025-04-20 15:59:41-632 [main] INFO  c.n.discovery.InstanceInfoReplicator - InstanceInfoReplicator onDemand update allowed rate per min is 4 
2025-04-20 15:59:41-634 [main] INFO  c.netflix.discovery.DiscoveryClient - Discovery Client initialized at timestamp 1745182781633 with initial instances count: 6 
2025-04-20 15:59:41-649 [main] INFO  o.s.c.n.e.s.EurekaServiceRegistry - Registering application BUSINESS-SERVICE with eureka with status UP 
2025-04-20 15:59:41-650 [main] INFO  c.netflix.discovery.DiscoveryClient - Saw local status change event StatusChangeEvent [timestamp=1745182781650, current=UP, previous=STARTING] 
2025-04-20 15:59:41-653 [DiscoveryClient-InstanceInfoReplicator-%d] INFO  c.netflix.discovery.DiscoveryClient - DiscoveryClient_BUSINESS-SERVICE/business-service:8585: registering service... 
2025-04-20 15:59:41-703 [DiscoveryClient-InstanceInfoReplicator-%d] INFO  c.netflix.discovery.DiscoveryClient - DiscoveryClient_BUSINESS-SERVICE/business-service:8585 - registration status: 204 
2025-04-20 15:59:42-046 [main] INFO  o.s.b.w.e.netty.NettyWebServer - Netty started on port 8585 (http) 
2025-04-20 15:59:42-047 [main] INFO  o.s.c.n.e.s.EurekaAutoServiceRegistration - Updating port to 8585 
2025-04-20 15:59:42-306 [main] INFO  c.b.b.BusinessServiceApplication - Started BusinessServiceApplication in 9.284 seconds (process running for 10.766) 
2025-04-20 15:59:53-363 [reactor-http-nio-4] INFO  c.b.b.connector.ProductConnector - API getProductByCustomerId RQ: 67ec1a41fabf6d0f4ada9865 
2025-04-20 15:59:53-383 [reactor-http-nio-4] INFO  c.b.b.config.WebClientCustomerApi - Request: GET,  http://localhost:8383/api/products/customer/67ec1a41fabf6d0f4ada9865 
2025-04-20 15:59:53-473 [reactor-http-nio-4] INFO  c.b.b.config.WebClientCustomerApi - Response status: 200 OK 
2025-04-20 15:59:53-497 [reactor-http-nio-4] INFO  c.b.b.connector.ProductConnector - API getProductByCustomerId RS {"id":"67f9cc806e374c0902dcdb73","productType":"SA","amountOfOpen":10.0,"accountNumber":"SA01-7689199523","hasPlasticCard":true,"cardNumber":"67fd7f29c1328463019a244a","createdDate":[2025,4,12],"customer":{"customerId":"67ec1a41fabf6d0f4ada9865"}} 
2025-04-20 15:59:53-498 [reactor-http-nio-4] INFO  c.b.b.connector.ProductConnector - API findBalanceByProductId RQ: 67f9cc806e374c0902dcdb73 
2025-04-20 15:59:53-500 [reactor-http-nio-4] INFO  c.b.b.config.WebClientCustomerApi - Request: GET,  http://localhost:8383/api/products/67f9cc806e374c0902dcdb73/balance 
2025-04-20 15:59:53-503 [reactor-http-nio-4] INFO  c.b.b.connector.ProductConnector - API getProductByCustomerId RS {"id":"67f9cd80200fc270ce30e284","productType":"CA","amountOfOpen":10.0,"accountNumber":"CA01-8730016551","hasPlasticCard":true,"cardNumber":"67fd7f29c1328463019a244a","createdDate":[2025,4,11],"customer":{"customerId":"67ec1a41fabf6d0f4ada9865"}} 
2025-04-20 15:59:53-504 [reactor-http-nio-4] INFO  c.b.b.connector.ProductConnector - API findBalanceByProductId RQ: 67f9cd80200fc270ce30e284 
2025-04-20 15:59:53-504 [reactor-http-nio-4] INFO  c.b.b.config.WebClientCustomerApi - Request: GET,  http://localhost:8383/api/products/67f9cd80200fc270ce30e284/balance 
2025-04-20 15:59:53-507 [reactor-http-nio-4] INFO  c.b.b.connector.ProductConnector - API getProductByCustomerId RS {"id":"67f9e1c9fe034d395c6d23b3","productType":"FA","amountOfOpen":100.0,"accountNumber":"FA01-9408688263","hasPlasticCard":true,"cardNumber":"67fd7f29c1328463019a244a","createdDate":[2025,4,11],"customer":{"customerId":"67ec1a41fabf6d0f4ada9865"}} 
2025-04-20 15:59:53-507 [reactor-http-nio-4] INFO  c.b.b.connector.ProductConnector - API findBalanceByProductId RQ: 67f9e1c9fe034d395c6d23b3 
2025-04-20 15:59:53-508 [reactor-http-nio-4] INFO  c.b.b.config.WebClientCustomerApi - Request: GET,  http://localhost:8383/api/products/67f9e1c9fe034d395c6d23b3/balance 
2025-04-20 15:59:53-510 [reactor-http-nio-4] INFO  c.b.b.connector.ProductConnector - API getProductByCustomerId RS {"id":"67fabf94ec8287214a828c9c","productType":"CC","amountOfOpen":100.0,"accountNumber":"CC01-4406914878","hasPlasticCard":true,"cardNumber":"67fd811bc1328463019a244c","createdDate":[2025,4,12],"customer":{"customerId":"67ec1a41fabf6d0f4ada9865"}} 
2025-04-20 15:59:53-510 [reactor-http-nio-4] INFO  c.b.b.connector.ProductConnector - API findBalanceByProductId RQ: 67fabf94ec8287214a828c9c 
2025-04-20 15:59:53-511 [reactor-http-nio-4] INFO  c.b.b.config.WebClientCustomerApi - Request: GET,  http://localhost:8383/api/products/67fabf94ec8287214a828c9c/balance 
2025-04-20 15:59:53-530 [reactor-http-nio-4] INFO  c.b.b.config.WebClientCustomerApi - Response status: 200 OK 
2025-04-20 15:59:53-536 [reactor-http-nio-4] INFO  c.b.b.connector.ProductConnector - API findBalanceByProductId RS: {"creditLimit":3000.0,"creditLimitUsed":80.0,"creditEnabledToUse":2920.0,"totalAmountInAccount":0.0} 
2025-04-20 15:59:56-806 [reactor-http-nio-4] INFO  c.b.b.connector.FinanceConnector - API Get Resumes By ProductId RQ: 67fabf94ec8287214a828c9c and dates from 2025-04-01, to 2025-04-30 
2025-04-20 15:59:56-810 [reactor-http-nio-4] INFO  c.b.b.service.impl.ReportServiceImpl - Average of product id 67fabf94ec8287214a828c9c, is Mono.doOnSuccess ⇢ at com.bootcamp.business_service.service.impl.ReportServiceImpl.getAverage(ReportServiceImpl.java:102) 
2025-04-20 15:59:56-810 [reactor-http-nio-4] INFO  c.b.b.config.WebClientFinanceApi - Request: GET,  http://localhost:8686/api/finance/resumes/67fabf94ec8287214a828c9c?startDate=2025-04-01&endDate=2025-04-30 
2025-04-20 15:59:58-816 [reactor-http-nio-4] INFO  c.b.b.config.WebClientCustomerApi - Response status: 200 OK 
2025-04-20 15:59:58-818 [reactor-http-nio-4] INFO  c.b.b.connector.ProductConnector - API findBalanceByProductId RS: {"creditLimit":0.0,"creditLimitUsed":0.0,"creditEnabledToUse":0.0,"totalAmountInAccount":505.0} 
2025-04-20 16:00:01-199 [reactor-http-nio-4] INFO  c.b.b.connector.FinanceConnector - API Get Resumes By ProductId RQ: 67f9cc806e374c0902dcdb73 and dates from 2025-04-01, to 2025-04-30 
2025-04-20 16:00:01-200 [reactor-http-nio-4] INFO  c.b.b.service.impl.ReportServiceImpl - Average of product id 67f9cc806e374c0902dcdb73, is Mono.doOnSuccess ⇢ at com.bootcamp.business_service.service.impl.ReportServiceImpl.getAverage(ReportServiceImpl.java:102) 
2025-04-20 16:00:01-200 [reactor-http-nio-4] INFO  c.b.b.config.WebClientFinanceApi - Request: GET,  http://localhost:8686/api/finance/resumes/67f9cc806e374c0902dcdb73?startDate=2025-04-01&endDate=2025-04-30 
2025-04-20 16:00:02-415 [reactor-http-nio-4] INFO  c.b.b.config.WebClientCustomerApi - Response status: 200 OK 
2025-04-20 16:00:02-418 [reactor-http-nio-4] INFO  c.b.b.connector.ProductConnector - API findBalanceByProductId RS: {"creditLimit":0.0,"creditLimitUsed":0.0,"creditEnabledToUse":0.0,"totalAmountInAccount":3720.0} 
2025-04-20 16:00:02-958 [reactor-http-nio-4] INFO  c.b.b.connector.FinanceConnector - API Get Resumes By ProductId RQ: 67f9cd80200fc270ce30e284 and dates from 2025-04-01, to 2025-04-30 
2025-04-20 16:00:02-959 [reactor-http-nio-4] INFO  c.b.b.service.impl.ReportServiceImpl - Average of product id 67f9cd80200fc270ce30e284, is Mono.doOnSuccess ⇢ at com.bootcamp.business_service.service.impl.ReportServiceImpl.getAverage(ReportServiceImpl.java:102) 
2025-04-20 16:00:02-959 [reactor-http-nio-4] INFO  c.b.b.config.WebClientFinanceApi - Request: GET,  http://localhost:8686/api/finance/resumes/67f9cd80200fc270ce30e284?startDate=2025-04-01&endDate=2025-04-30 
2025-04-20 16:00:03-640 [reactor-http-nio-4] INFO  c.b.b.config.WebClientCustomerApi - Response status: 200 OK 
2025-04-20 16:00:03-641 [reactor-http-nio-4] INFO  c.b.b.connector.ProductConnector - API findBalanceByProductId RS: {"creditLimit":0.0,"creditLimitUsed":0.0,"creditEnabledToUse":0.0,"totalAmountInAccount":100.0} 
2025-04-20 16:00:04-285 [reactor-http-nio-4] INFO  c.b.b.connector.FinanceConnector - API Get Resumes By ProductId RQ: 67f9e1c9fe034d395c6d23b3 and dates from 2025-04-01, to 2025-04-30 
2025-04-20 16:00:04-285 [reactor-http-nio-4] INFO  c.b.b.service.impl.ReportServiceImpl - Average of product id 67f9e1c9fe034d395c6d23b3, is Mono.doOnSuccess ⇢ at com.bootcamp.business_service.service.impl.ReportServiceImpl.getAverage(ReportServiceImpl.java:102) 
2025-04-20 16:00:04-286 [reactor-http-nio-4] INFO  c.b.b.config.WebClientFinanceApi - Request: GET,  http://localhost:8686/api/finance/resumes/67f9e1c9fe034d395c6d23b3?startDate=2025-04-01&endDate=2025-04-30 
2025-04-20 16:00:05-107 [reactor-http-nio-4] INFO  c.b.b.service.impl.ReportServiceImpl - Report successfully built {"message":"Success - Reporte productos del cliente ingresado.","typeReport":"BALANCE","customerId":"67ec1a41fabf6d0f4ada9865","dateToday":[2025,4,20],"products":[{"productId":"67fabf94ec8287214a828c9c","customerId":"67ec1a41fabf6d0f4ada9865","productType":"TARJETA DE CREDITO","familyType":"ACTIVE","totalAmountPassiveProduct":0.0,"accountNumber":"CC01-4406914878","creditLimitTotal":3000.0,"creditUsed":80.0,"creditEnabled":2920.0,"averageBalanceOfMonth":"NaN"},{"productId":"67f9cc806e374c0902dcdb73","customerId":"67ec1a41fabf6d0f4ada9865","productType":"CUENTA DE AHORROS","familyType":"PASSIVE","totalAmountPassiveProduct":505.0,"accountNumber":"SA01-7689199523","creditLimitTotal":0.0,"creditUsed":0.0,"creditEnabled":0.0,"averageBalanceOfMonth":"NaN"},{"productId":"67f9cd80200fc270ce30e284","customerId":"67ec1a41fabf6d0f4ada9865","productType":"CUENTA CORRIENTE","familyType":"PASSIVE","totalAmountPassiveProduct":3720.0,"accountNumber":"CA01-8730016551","creditLimitTotal":0.0,"creditUsed":0.0,"creditEnabled":0.0,"averageBalanceOfMonth":"NaN"},{"productId":"67f9e1c9fe034d395c6d23b3","customerId":"67ec1a41fabf6d0f4ada9865","productType":"PLAZO FIJO","familyType":"PASSIVE","totalAmountPassiveProduct":100.0,"accountNumber":"FA01-9408688263","creditLimitTotal":0.0,"creditUsed":0.0,"creditEnabled":0.0,"averageBalanceOfMonth":"NaN"}]} 
2025-04-20 16:00:05-138 [reactor-http-nio-4] INFO  c.b.b.config.WebClientFinanceApi - Response status: 200 OK 
2025-04-20 16:00:05-144 [reactor-http-nio-4] INFO  c.b.b.config.WebClientFinanceApi - Response status: 200 OK 
2025-04-20 16:00:05-147 [reactor-http-nio-4] INFO  c.b.b.connector.FinanceConnector - API get Resumes By ProductId success RS: 67f9cc806e374c0902dcdb73 
2025-04-20 16:00:05-147 [reactor-http-nio-4] INFO  c.b.b.service.impl.ReportServiceImpl - Getting average of product 67f9cc806e374c0902dcdb73 
2025-04-20 16:00:05-148 [reactor-http-nio-4] INFO  c.b.b.connector.FinanceConnector - API get Resumes By ProductId success RS: 67f9cc806e374c0902dcdb73 
2025-04-20 16:00:05-148 [reactor-http-nio-4] INFO  c.b.b.service.impl.ReportServiceImpl - Getting average of product 67f9cc806e374c0902dcdb73 
2025-04-20 16:00:05-148 [reactor-http-nio-4] INFO  c.b.b.connector.FinanceConnector - API get Resumes By ProductId success RS: 67f9cc806e374c0902dcdb73 
2025-04-20 16:00:05-148 [reactor-http-nio-4] INFO  c.b.b.service.impl.ReportServiceImpl - Getting average of product 67f9cc806e374c0902dcdb73 
2025-04-20 16:00:05-149 [reactor-http-nio-4] INFO  c.b.b.connector.FinanceConnector - API get Resumes By ProductId success RS: 67f9cc806e374c0902dcdb73 
2025-04-20 16:00:05-149 [reactor-http-nio-4] INFO  c.b.b.service.impl.ReportServiceImpl - Getting average of product 67f9cc806e374c0902dcdb73 
2025-04-20 16:00:05-149 [reactor-http-nio-4] INFO  c.b.b.connector.FinanceConnector - API get Resumes By ProductId success RS: 67f9cc806e374c0902dcdb73 
2025-04-20 16:00:05-149 [reactor-http-nio-4] INFO  c.b.b.service.impl.ReportServiceImpl - Getting average of product 67f9cc806e374c0902dcdb73 
2025-04-20 16:00:05-150 [reactor-http-nio-4] INFO  c.b.b.connector.FinanceConnector - API get Resumes By ProductId success RS: 67f9cc806e374c0902dcdb73 
2025-04-20 16:00:05-150 [reactor-http-nio-4] INFO  c.b.b.service.impl.ReportServiceImpl - Getting average of product 67f9cc806e374c0902dcdb73 
2025-04-20 16:00:05-151 [reactor-http-nio-4] INFO  c.b.b.connector.FinanceConnector - API get Resumes By ProductId success RS: 67f9cc806e374c0902dcdb73 
2025-04-20 16:00:05-151 [reactor-http-nio-4] INFO  c.b.b.service.impl.ReportServiceImpl - Getting average of product 67f9cc806e374c0902dcdb73 
2025-04-20 16:00:05-153 [reactor-http-nio-4] INFO  c.b.b.config.WebClientFinanceApi - Response status: 200 OK 
2025-04-20 16:00:05-154 [reactor-http-nio-4] INFO  c.b.b.connector.FinanceConnector - API get Resumes By ProductId success RS: 67f9cd80200fc270ce30e284 
2025-04-20 16:00:05-154 [reactor-http-nio-4] INFO  c.b.b.service.impl.ReportServiceImpl - Getting average of product 67f9cd80200fc270ce30e284 
2025-04-20 16:00:05-155 [reactor-http-nio-4] INFO  c.b.b.connector.FinanceConnector - API get Resumes By ProductId success RS: 67f9cd80200fc270ce30e284 
2025-04-20 16:00:05-155 [reactor-http-nio-4] INFO  c.b.b.service.impl.ReportServiceImpl - Getting average of product 67f9cd80200fc270ce30e284 
2025-04-20 16:00:05-155 [reactor-http-nio-4] INFO  c.b.b.connector.FinanceConnector - API get Resumes By ProductId success RS: 67f9cd80200fc270ce30e284 
2025-04-20 16:00:05-155 [reactor-http-nio-4] INFO  c.b.b.service.impl.ReportServiceImpl - Getting average of product 67f9cd80200fc270ce30e284 
2025-04-20 16:00:05-156 [reactor-http-nio-4] INFO  c.b.b.connector.FinanceConnector - API get Resumes By ProductId success RS: 67f9cd80200fc270ce30e284 
2025-04-20 16:00:05-156 [reactor-http-nio-4] INFO  c.b.b.service.impl.ReportServiceImpl - Getting average of product 67f9cd80200fc270ce30e284 
2025-04-20 16:00:05-156 [reactor-http-nio-4] INFO  c.b.b.connector.FinanceConnector - API get Resumes By ProductId success RS: 67f9cd80200fc270ce30e284 
2025-04-20 16:00:05-156 [reactor-http-nio-4] INFO  c.b.b.service.impl.ReportServiceImpl - Getting average of product 67f9cd80200fc270ce30e284 
2025-04-20 16:00:05-157 [reactor-http-nio-4] INFO  c.b.b.connector.FinanceConnector - API get Resumes By ProductId success RS: 67fabf94ec8287214a828c9c 
2025-04-20 16:00:05-157 [reactor-http-nio-4] INFO  c.b.b.service.impl.ReportServiceImpl - Getting average of product 67fabf94ec8287214a828c9c 
2025-04-20 16:00:05-158 [reactor-http-nio-4] INFO  c.b.b.connector.FinanceConnector - API get Resumes By ProductId success RS: 67fabf94ec8287214a828c9c 
2025-04-20 16:00:05-158 [reactor-http-nio-4] INFO  c.b.b.service.impl.ReportServiceImpl - Getting average of product 67fabf94ec8287214a828c9c 
2025-04-20 16:00:05-158 [reactor-http-nio-4] INFO  c.b.b.connector.FinanceConnector - API get Resumes By ProductId success RS: 67fabf94ec8287214a828c9c 
2025-04-20 16:00:05-158 [reactor-http-nio-4] INFO  c.b.b.service.impl.ReportServiceImpl - Getting average of product 67fabf94ec8287214a828c9c 
2025-04-20 16:00:05-161 [reactor-http-nio-4] INFO  c.b.b.connector.FinanceConnector - API get Resumes By ProductId success RS: 67fabf94ec8287214a828c9c 
2025-04-20 16:00:05-161 [reactor-http-nio-4] INFO  c.b.b.service.impl.ReportServiceImpl - Getting average of product 67fabf94ec8287214a828c9c 
2025-04-20 16:00:05-162 [reactor-http-nio-4] INFO  c.b.b.connector.FinanceConnector - API get Resumes By ProductId success RS: 67fabf94ec8287214a828c9c 
2025-04-20 16:00:05-162 [reactor-http-nio-4] INFO  c.b.b.service.impl.ReportServiceImpl - Getting average of product 67fabf94ec8287214a828c9c 
2025-04-20 16:00:05-163 [reactor-http-nio-4] INFO  c.b.b.config.WebClientFinanceApi - Response status: 200 OK 
2025-04-20 16:00:05-164 [reactor-http-nio-4] INFO  c.b.b.connector.FinanceConnector - API get Resumes By ProductId success RS: 67f9e1c9fe034d395c6d23b3 
2025-04-20 16:00:05-164 [reactor-http-nio-4] INFO  c.b.b.service.impl.ReportServiceImpl - Getting average of product 67f9e1c9fe034d395c6d23b3 
2025-04-20 16:00:05-165 [reactor-http-nio-4] INFO  c.b.b.connector.FinanceConnector - API get Resumes By ProductId success RS: 67f9e1c9fe034d395c6d23b3 
2025-04-20 16:00:05-165 [reactor-http-nio-4] INFO  c.b.b.service.impl.ReportServiceImpl - Getting average of product 67f9e1c9fe034d395c6d23b3 
2025-04-20 16:00:05-165 [reactor-http-nio-4] INFO  c.b.b.connector.FinanceConnector - API get Resumes By ProductId success RS: 67f9e1c9fe034d395c6d23b3 
2025-04-20 16:00:05-165 [reactor-http-nio-4] INFO  c.b.b.service.impl.ReportServiceImpl - Getting average of product 67f9e1c9fe034d395c6d23b3 
2025-04-20 16:00:05-165 [reactor-http-nio-4] INFO  c.b.b.connector.FinanceConnector - API get Resumes By ProductId success RS: 67f9e1c9fe034d395c6d23b3 
2025-04-20 16:00:05-165 [reactor-http-nio-4] INFO  c.b.b.service.impl.ReportServiceImpl - Getting average of product 67f9e1c9fe034d395c6d23b3 
2025-04-20 16:00:05-165 [reactor-http-nio-4] INFO  c.b.b.connector.FinanceConnector - API get Resumes By ProductId success RS: 67f9e1c9fe034d395c6d23b3 
2025-04-20 16:00:05-166 [reactor-http-nio-4] INFO  c.b.b.service.impl.ReportServiceImpl - Getting average of product 67f9e1c9fe034d395c6d23b3 
2025-04-20 16:01:59-291 [SpringApplicationShutdownHook] INFO  o.s.c.n.e.s.EurekaServiceRegistry - Unregistering application BUSINESS-SERVICE with eureka with status DOWN 
2025-04-20 16:01:59-292 [SpringApplicationShutdownHook] INFO  c.netflix.discovery.DiscoveryClient - Saw local status change event StatusChangeEvent [timestamp=1745182919292, current=DOWN, previous=UP] 
2025-04-20 16:01:59-293 [DiscoveryClient-InstanceInfoReplicator-%d] INFO  c.netflix.discovery.DiscoveryClient - DiscoveryClient_BUSINESS-SERVICE/business-service:8585: registering service... 
2025-04-20 16:01:59-296 [SpringApplicationShutdownHook] INFO  o.s.b.w.e.netty.GracefulShutdown - Commencing graceful shutdown. Waiting for active requests to complete 
2025-04-20 16:01:59-299 [netty-shutdown] INFO  o.s.b.w.e.netty.GracefulShutdown - Graceful shutdown complete 
2025-04-20 16:01:59-302 [DiscoveryClient-InstanceInfoReplicator-%d] INFO  c.netflix.discovery.DiscoveryClient - DiscoveryClient_BUSINESS-SERVICE/business-service:8585 - registration status: 204 
2025-04-20 16:02:09-313 [background-preinit] INFO  o.h.validator.internal.util.Version - HV000001: Hibernate Validator 8.0.2.Final 
2025-04-20 16:02:09-355 [main] INFO  c.b.b.BusinessServiceApplication - Starting BusinessServiceApplication using Java 17.0.12 with PID 27272 (C:\Users\mgarcsar\Documents\Bootcamp\etregables\business-service\target\classes started by mgarcsar in C:\Users\mgarcsar\Documents\Bootcamp\etregables\business-service) 
2025-04-20 16:02:09-355 [main] INFO  c.b.b.BusinessServiceApplication - The following 1 profile is active: "local" 
2025-04-20 16:02:09-390 [main] INFO  o.s.c.c.c.ConfigServerConfigDataLoader - Fetching config from server at : http://localhost:8888 
2025-04-20 16:02:09-390 [main] INFO  o.s.c.c.c.ConfigServerConfigDataLoader - Located environment: name=business-service, profiles=[default], label=null, version=5948961345ff92c7a8feec89a952e9773d3de713, state= 
2025-04-20 16:02:09-390 [main] INFO  o.s.c.c.c.ConfigServerConfigDataLoader - Fetching config from server at : http://localhost:8888 
2025-04-20 16:02:09-390 [main] INFO  o.s.c.c.c.ConfigServerConfigDataLoader - Located environment: name=business-service, profiles=[local], label=null, version=5948961345ff92c7a8feec89a952e9773d3de713, state= 
2025-04-20 16:02:10-591 [main] INFO  o.s.cloud.context.scope.GenericScope - BeanFactory id=3a22edfb-ee61-33fe-94a2-bcf8fbe89c21 
2025-04-20 16:02:13-357 [main] INFO  o.s.b.a.e.web.EndpointLinksResolver - Exposing 3 endpoints beneath base path '/actuator' 
2025-04-20 16:02:14-261 [main] INFO  o.s.c.n.e.c.DiscoveryClientOptionalArgsConfiguration - Eureka HTTP Client uses RestTemplate. 
2025-04-20 16:02:14-373 [main] WARN  o.s.c.l.c.LoadBalancerCacheAutoConfiguration$LoadBalancerCaffeineWarnLogger - Spring Cloud LoadBalancer is currently working with the default cache. While this cache implementation is useful for development and tests, it's recommended to use Caffeine cache in production.You can switch to using Caffeine cache, by adding it and org.springframework.cache.caffeine.CaffeineCacheManager to the classpath. 
2025-04-20 16:02:14-455 [main] INFO  o.s.c.n.eureka.InstanceInfoFactory - Setting initial instance status as: STARTING 
2025-04-20 16:02:14-495 [main] INFO  c.netflix.discovery.DiscoveryClient - Initializing Eureka in region us-east-1 
2025-04-20 16:02:14-499 [main] INFO  c.n.d.s.r.aws.ConfigClusterResolver - Resolving eureka endpoints via configuration 
2025-04-20 16:02:14-507 [main] INFO  c.netflix.discovery.DiscoveryClient - Disable delta property : false 
2025-04-20 16:02:14-508 [main] INFO  c.netflix.discovery.DiscoveryClient - Single vip registry refresh property : null 
2025-04-20 16:02:14-508 [main] INFO  c.netflix.discovery.DiscoveryClient - Force full registry fetch : false 
2025-04-20 16:02:14-508 [main] INFO  c.netflix.discovery.DiscoveryClient - Application is null : false 
2025-04-20 16:02:14-508 [main] INFO  c.netflix.discovery.DiscoveryClient - Registered Applications size is zero : true 
2025-04-20 16:02:14-508 [main] INFO  c.netflix.discovery.DiscoveryClient - Application version is -1: true 
2025-04-20 16:02:14-508 [main] INFO  c.netflix.discovery.DiscoveryClient - Getting all instance registry info from the eureka server 
2025-04-20 16:02:14-747 [main] INFO  c.netflix.discovery.DiscoveryClient - The response status is 200 
2025-04-20 16:02:14-750 [main] INFO  c.netflix.discovery.DiscoveryClient - Starting heartbeat executor: renew interval is: 30 
2025-04-20 16:02:14-753 [main] INFO  c.n.discovery.InstanceInfoReplicator - InstanceInfoReplicator onDemand update allowed rate per min is 4 
2025-04-20 16:02:14-755 [main] INFO  c.netflix.discovery.DiscoveryClient - Discovery Client initialized at timestamp 1745182934755 with initial instances count: 6 
2025-04-20 16:02:14-771 [main] INFO  o.s.c.n.e.s.EurekaServiceRegistry - Registering application BUSINESS-SERVICE with eureka with status UP 
2025-04-20 16:02:14-772 [main] INFO  c.netflix.discovery.DiscoveryClient - Saw local status change event StatusChangeEvent [timestamp=1745182934771, current=UP, previous=STARTING] 
2025-04-20 16:02:14-774 [DiscoveryClient-InstanceInfoReplicator-%d] INFO  c.netflix.discovery.DiscoveryClient - DiscoveryClient_BUSINESS-SERVICE/business-service:8585: registering service... 
2025-04-20 16:02:14-812 [DiscoveryClient-InstanceInfoReplicator-%d] INFO  c.netflix.discovery.DiscoveryClient - DiscoveryClient_BUSINESS-SERVICE/business-service:8585 - registration status: 204 
2025-04-20 16:02:14-996 [main] INFO  o.s.b.w.e.netty.NettyWebServer - Netty started on port 8585 (http) 
2025-04-20 16:02:14-997 [main] INFO  o.s.c.n.e.s.EurekaAutoServiceRegistration - Updating port to 8585 
2025-04-20 16:02:15-242 [main] INFO  c.b.b.BusinessServiceApplication - Started BusinessServiceApplication in 9.234 seconds (process running for 10.533) 
2025-04-20 16:02:35-424 [reactor-http-nio-4] INFO  c.b.b.connector.ProductConnector - API getProductByCustomerId RQ: 67ec1a41fabf6d0f4ada9865 
2025-04-20 16:02:35-438 [reactor-http-nio-4] INFO  c.b.b.config.WebClientCustomerApi - Request: GET,  http://localhost:8383/api/products/customer/67ec1a41fabf6d0f4ada9865 
2025-04-20 16:02:35-522 [reactor-http-nio-4] INFO  c.b.b.config.WebClientCustomerApi - Response status: 200 OK 
2025-04-20 16:02:35-544 [reactor-http-nio-4] INFO  c.b.b.connector.ProductConnector - API getProductByCustomerId RS {"id":"67f9cc806e374c0902dcdb73","productType":"SA","amountOfOpen":10.0,"accountNumber":"SA01-7689199523","hasPlasticCard":true,"cardNumber":"67fd7f29c1328463019a244a","createdDate":[2025,4,12],"customer":{"customerId":"67ec1a41fabf6d0f4ada9865"}} 
2025-04-20 16:02:35-545 [reactor-http-nio-4] INFO  c.b.b.connector.ProductConnector - API findBalanceByProductId RQ: 67f9cc806e374c0902dcdb73 
2025-04-20 16:02:35-548 [reactor-http-nio-4] INFO  c.b.b.config.WebClientCustomerApi - Request: GET,  http://localhost:8383/api/products/67f9cc806e374c0902dcdb73/balance 
2025-04-20 16:02:35-551 [reactor-http-nio-4] INFO  c.b.b.connector.ProductConnector - API getProductByCustomerId RS {"id":"67f9cd80200fc270ce30e284","productType":"CA","amountOfOpen":10.0,"accountNumber":"CA01-8730016551","hasPlasticCard":true,"cardNumber":"67fd7f29c1328463019a244a","createdDate":[2025,4,11],"customer":{"customerId":"67ec1a41fabf6d0f4ada9865"}} 
2025-04-20 16:02:35-551 [reactor-http-nio-4] INFO  c.b.b.connector.ProductConnector - API findBalanceByProductId RQ: 67f9cd80200fc270ce30e284 
2025-04-20 16:02:35-552 [reactor-http-nio-4] INFO  c.b.b.config.WebClientCustomerApi - Request: GET,  http://localhost:8383/api/products/67f9cd80200fc270ce30e284/balance 
2025-04-20 16:02:35-554 [reactor-http-nio-4] INFO  c.b.b.connector.ProductConnector - API getProductByCustomerId RS {"id":"67f9e1c9fe034d395c6d23b3","productType":"FA","amountOfOpen":100.0,"accountNumber":"FA01-9408688263","hasPlasticCard":true,"cardNumber":"67fd7f29c1328463019a244a","createdDate":[2025,4,11],"customer":{"customerId":"67ec1a41fabf6d0f4ada9865"}} 
2025-04-20 16:02:35-555 [reactor-http-nio-4] INFO  c.b.b.connector.ProductConnector - API findBalanceByProductId RQ: 67f9e1c9fe034d395c6d23b3 
2025-04-20 16:02:35-555 [reactor-http-nio-4] INFO  c.b.b.config.WebClientCustomerApi - Request: GET,  http://localhost:8383/api/products/67f9e1c9fe034d395c6d23b3/balance 
2025-04-20 16:02:35-558 [reactor-http-nio-4] INFO  c.b.b.connector.ProductConnector - API getProductByCustomerId RS {"id":"67fabf94ec8287214a828c9c","productType":"CC","amountOfOpen":100.0,"accountNumber":"CC01-4406914878","hasPlasticCard":true,"cardNumber":"67fd811bc1328463019a244c","createdDate":[2025,4,12],"customer":{"customerId":"67ec1a41fabf6d0f4ada9865"}} 
2025-04-20 16:02:35-558 [reactor-http-nio-4] INFO  c.b.b.connector.ProductConnector - API findBalanceByProductId RQ: 67fabf94ec8287214a828c9c 
2025-04-20 16:02:35-559 [reactor-http-nio-4] INFO  c.b.b.config.WebClientCustomerApi - Request: GET,  http://localhost:8383/api/products/67fabf94ec8287214a828c9c/balance 
2025-04-20 16:02:35-579 [reactor-http-nio-4] INFO  c.b.b.config.WebClientCustomerApi - Response status: 200 OK 
2025-04-20 16:02:35-583 [reactor-http-nio-4] INFO  c.b.b.connector.ProductConnector - API findBalanceByProductId RS: {"creditLimit":0.0,"creditLimitUsed":0.0,"creditEnabledToUse":0.0,"totalAmountInAccount":100.0} 
2025-04-20 16:02:39-152 [reactor-http-nio-4] INFO  c.b.b.connector.FinanceConnector - API Get Resumes By ProductId RQ: 67f9e1c9fe034d395c6d23b3 and dates from 2025-04-01, to 2025-04-30 
2025-04-20 16:02:39-155 [reactor-http-nio-4] INFO  c.b.b.service.impl.ReportServiceImpl - Getting average of product 67f9e1c9fe034d395c6d23b3 
2025-04-20 16:02:39-156 [reactor-http-nio-4] INFO  c.b.b.config.WebClientFinanceApi - Request: GET,  http://localhost:8686/api/finance/resumes/67f9e1c9fe034d395c6d23b3?startDate=2025-04-01&endDate=2025-04-30 
2025-04-20 16:02:40-299 [reactor-http-nio-4] INFO  c.b.b.config.WebClientCustomerApi - Response status: 200 OK 
2025-04-20 16:02:40-300 [reactor-http-nio-4] INFO  c.b.b.connector.ProductConnector - API findBalanceByProductId RS: {"creditLimit":0.0,"creditLimitUsed":0.0,"creditEnabledToUse":0.0,"totalAmountInAccount":505.0} 
2025-04-20 16:02:40-875 [reactor-http-nio-4] INFO  c.b.b.connector.FinanceConnector - API Get Resumes By ProductId RQ: 67f9cc806e374c0902dcdb73 and dates from 2025-04-01, to 2025-04-30 
2025-04-20 16:02:40-877 [reactor-http-nio-4] INFO  c.b.b.service.impl.ReportServiceImpl - Getting average of product 67f9cc806e374c0902dcdb73 
2025-04-20 16:02:40-877 [reactor-http-nio-4] INFO  c.b.b.config.WebClientFinanceApi - Request: GET,  http://localhost:8686/api/finance/resumes/67f9cc806e374c0902dcdb73?startDate=2025-04-01&endDate=2025-04-30 
2025-04-20 16:02:41-617 [reactor-http-nio-4] INFO  c.b.b.config.WebClientCustomerApi - Response status: 200 OK 
2025-04-20 16:02:41-619 [reactor-http-nio-4] INFO  c.b.b.connector.ProductConnector - API findBalanceByProductId RS: {"creditLimit":0.0,"creditLimitUsed":0.0,"creditEnabledToUse":0.0,"totalAmountInAccount":3720.0} 
2025-04-20 16:02:43-772 [reactor-http-nio-4] INFO  c.b.b.connector.FinanceConnector - API Get Resumes By ProductId RQ: 67f9cd80200fc270ce30e284 and dates from 2025-04-01, to 2025-04-30 
2025-04-20 16:02:43-774 [reactor-http-nio-4] INFO  c.b.b.service.impl.ReportServiceImpl - Getting average of product 67f9cd80200fc270ce30e284 
2025-04-20 16:02:43-774 [reactor-http-nio-4] INFO  c.b.b.config.WebClientFinanceApi - Request: GET,  http://localhost:8686/api/finance/resumes/67f9cd80200fc270ce30e284?startDate=2025-04-01&endDate=2025-04-30 
2025-04-20 16:02:44-854 [reactor-http-nio-4] INFO  c.b.b.config.WebClientCustomerApi - Response status: 200 OK 
2025-04-20 16:02:44-856 [reactor-http-nio-4] INFO  c.b.b.connector.ProductConnector - API findBalanceByProductId RS: {"creditLimit":3000.0,"creditLimitUsed":80.0,"creditEnabledToUse":2920.0,"totalAmountInAccount":0.0} 
2025-04-20 16:02:45-413 [reactor-http-nio-4] INFO  c.b.b.connector.FinanceConnector - API Get Resumes By ProductId RQ: 67fabf94ec8287214a828c9c and dates from 2025-04-01, to 2025-04-30 
2025-04-20 16:02:45-414 [reactor-http-nio-4] INFO  c.b.b.service.impl.ReportServiceImpl - Getting average of product 67fabf94ec8287214a828c9c 
2025-04-20 16:02:45-414 [reactor-http-nio-4] INFO  c.b.b.config.WebClientFinanceApi - Request: GET,  http://localhost:8686/api/finance/resumes/67fabf94ec8287214a828c9c?startDate=2025-04-01&endDate=2025-04-30 
2025-04-20 16:02:46-495 [reactor-http-nio-4] INFO  c.b.b.service.impl.ReportServiceImpl - Report successfully built {"message":"Success - Reporte productos del cliente ingresado.","typeReport":"BALANCE","customerId":"67ec1a41fabf6d0f4ada9865","dateToday":[2025,4,20],"products":[{"productId":"67f9e1c9fe034d395c6d23b3","customerId":"67ec1a41fabf6d0f4ada9865","productType":"PLAZO FIJO","familyType":"PASSIVE","totalAmountPassiveProduct":100.0,"accountNumber":"FA01-9408688263","creditLimitTotal":0.0,"creditUsed":0.0,"creditEnabled":0.0,"averageBalanceOfMonth":"NaN"},{"productId":"67f9cc806e374c0902dcdb73","customerId":"67ec1a41fabf6d0f4ada9865","productType":"CUENTA DE AHORROS","familyType":"PASSIVE","totalAmountPassiveProduct":505.0,"accountNumber":"SA01-7689199523","creditLimitTotal":0.0,"creditUsed":0.0,"creditEnabled":0.0,"averageBalanceOfMonth":"NaN"},{"productId":"67f9cd80200fc270ce30e284","customerId":"67ec1a41fabf6d0f4ada9865","productType":"CUENTA CORRIENTE","familyType":"PASSIVE","totalAmountPassiveProduct":3720.0,"accountNumber":"CA01-8730016551","creditLimitTotal":0.0,"creditUsed":0.0,"creditEnabled":0.0,"averageBalanceOfMonth":"NaN"},{"productId":"67fabf94ec8287214a828c9c","customerId":"67ec1a41fabf6d0f4ada9865","productType":"TARJETA DE CREDITO","familyType":"ACTIVE","totalAmountPassiveProduct":0.0,"accountNumber":"CC01-4406914878","creditLimitTotal":3000.0,"creditUsed":80.0,"creditEnabled":2920.0,"averageBalanceOfMonth":"NaN"}]} 
2025-04-20 16:02:46-524 [reactor-http-nio-4] INFO  c.b.b.config.WebClientFinanceApi - Response status: 200 OK 
2025-04-20 16:02:46-528 [reactor-http-nio-4] INFO  c.b.b.connector.FinanceConnector - API get Resumes By ProductId success RS: 67f9cc806e374c0902dcdb73 
2025-04-20 16:02:46-530 [reactor-http-nio-4] INFO  c.b.b.connector.FinanceConnector - API get Resumes By ProductId success RS: 67f9cc806e374c0902dcdb73 
2025-04-20 16:02:46-530 [reactor-http-nio-4] INFO  c.b.b.connector.FinanceConnector - API get Resumes By ProductId success RS: 67f9cc806e374c0902dcdb73 
2025-04-20 16:02:46-531 [reactor-http-nio-4] INFO  c.b.b.connector.FinanceConnector - API get Resumes By ProductId success RS: 67f9cc806e374c0902dcdb73 
2025-04-20 16:02:46-531 [reactor-http-nio-4] INFO  c.b.b.connector.FinanceConnector - API get Resumes By ProductId success RS: 67f9cc806e374c0902dcdb73 
2025-04-20 16:02:46-531 [reactor-http-nio-4] INFO  c.b.b.connector.FinanceConnector - API get Resumes By ProductId success RS: 67f9cc806e374c0902dcdb73 
2025-04-20 16:02:46-532 [reactor-http-nio-4] INFO  c.b.b.connector.FinanceConnector - API get Resumes By ProductId success RS: 67f9cc806e374c0902dcdb73 
2025-04-20 16:02:46-533 [reactor-http-nio-4] INFO  c.b.b.service.impl.ReportServiceImpl - Average of product id 67f9cc806e374c0902dcdb73, is 505.0 
2025-04-20 16:02:46-534 [reactor-http-nio-4] INFO  c.b.b.config.WebClientFinanceApi - Response status: 200 OK 
2025-04-20 16:02:46-536 [reactor-http-nio-4] INFO  c.b.b.connector.FinanceConnector - API get Resumes By ProductId success RS: 67f9cd80200fc270ce30e284 
2025-04-20 16:02:46-536 [reactor-http-nio-4] INFO  c.b.b.connector.FinanceConnector - API get Resumes By ProductId success RS: 67f9cd80200fc270ce30e284 
2025-04-20 16:02:46-537 [reactor-http-nio-4] INFO  c.b.b.connector.FinanceConnector - API get Resumes By ProductId success RS: 67f9cd80200fc270ce30e284 
2025-04-20 16:02:46-537 [reactor-http-nio-4] INFO  c.b.b.connector.FinanceConnector - API get Resumes By ProductId success RS: 67f9cd80200fc270ce30e284 
2025-04-20 16:02:46-537 [reactor-http-nio-4] INFO  c.b.b.connector.FinanceConnector - API get Resumes By ProductId success RS: 67f9cd80200fc270ce30e284 
2025-04-20 16:02:46-537 [reactor-http-nio-4] INFO  c.b.b.service.impl.ReportServiceImpl - Average of product id 67f9cd80200fc270ce30e284, is 3720.0 
2025-04-20 16:02:46-538 [reactor-http-nio-4] INFO  c.b.b.config.WebClientFinanceApi - Response status: 200 OK 
2025-04-20 16:02:46-539 [reactor-http-nio-4] INFO  c.b.b.connector.FinanceConnector - API get Resumes By ProductId success RS: 67f9e1c9fe034d395c6d23b3 
2025-04-20 16:02:46-540 [reactor-http-nio-4] INFO  c.b.b.connector.FinanceConnector - API get Resumes By ProductId success RS: 67f9e1c9fe034d395c6d23b3 
2025-04-20 16:02:46-540 [reactor-http-nio-4] INFO  c.b.b.connector.FinanceConnector - API get Resumes By ProductId success RS: 67f9e1c9fe034d395c6d23b3 
2025-04-20 16:02:46-543 [reactor-http-nio-4] INFO  c.b.b.connector.FinanceConnector - API get Resumes By ProductId success RS: 67f9e1c9fe034d395c6d23b3 
2025-04-20 16:02:46-543 [reactor-http-nio-4] INFO  c.b.b.connector.FinanceConnector - API get Resumes By ProductId success RS: 67f9e1c9fe034d395c6d23b3 
2025-04-20 16:02:46-543 [reactor-http-nio-4] INFO  c.b.b.service.impl.ReportServiceImpl - Average of product id 67f9e1c9fe034d395c6d23b3, is 66.0 
2025-04-20 16:02:46-544 [reactor-http-nio-4] INFO  c.b.b.config.WebClientFinanceApi - Response status: 200 OK 
2025-04-20 16:02:46-545 [reactor-http-nio-4] INFO  c.b.b.connector.FinanceConnector - API get Resumes By ProductId success RS: 67fabf94ec8287214a828c9c 
2025-04-20 16:02:46-546 [reactor-http-nio-4] INFO  c.b.b.connector.FinanceConnector - API get Resumes By ProductId success RS: 67fabf94ec8287214a828c9c 
2025-04-20 16:02:46-546 [reactor-http-nio-4] INFO  c.b.b.connector.FinanceConnector - API get Resumes By ProductId success RS: 67fabf94ec8287214a828c9c 
2025-04-20 16:02:46-546 [reactor-http-nio-4] INFO  c.b.b.connector.FinanceConnector - API get Resumes By ProductId success RS: 67fabf94ec8287214a828c9c 
2025-04-20 16:02:46-546 [reactor-http-nio-4] INFO  c.b.b.connector.FinanceConnector - API get Resumes By ProductId success RS: 67fabf94ec8287214a828c9c 
2025-04-20 16:02:46-547 [reactor-http-nio-4] INFO  c.b.b.service.impl.ReportServiceImpl - Average of product id 67fabf94ec8287214a828c9c, is 2920.0 
2025-04-20 16:07:14-522 [AsyncResolver-bootstrap-executor-%d] INFO  c.n.d.s.r.aws.ConfigClusterResolver - Resolving eureka endpoints via configuration 
2025-04-20 16:07:16-540 [SpringApplicationShutdownHook] INFO  o.s.c.n.e.s.EurekaServiceRegistry - Unregistering application BUSINESS-SERVICE with eureka with status DOWN 
2025-04-20 16:07:16-540 [SpringApplicationShutdownHook] INFO  c.netflix.discovery.DiscoveryClient - Saw local status change event StatusChangeEvent [timestamp=1745183236540, current=DOWN, previous=UP] 
2025-04-20 16:07:16-541 [DiscoveryClient-InstanceInfoReplicator-%d] INFO  c.netflix.discovery.DiscoveryClient - DiscoveryClient_BUSINESS-SERVICE/business-service:8585: registering service... 
2025-04-20 16:07:16-544 [SpringApplicationShutdownHook] INFO  o.s.b.w.e.netty.GracefulShutdown - Commencing graceful shutdown. Waiting for active requests to complete 
2025-04-20 16:07:16-547 [netty-shutdown] INFO  o.s.b.w.e.netty.GracefulShutdown - Graceful shutdown complete 
2025-04-20 16:07:16-562 [DiscoveryClient-InstanceInfoReplicator-%d] INFO  c.netflix.discovery.DiscoveryClient - DiscoveryClient_BUSINESS-SERVICE/business-service:8585 - registration status: 204 
2025-04-20 16:10:46-703 [background-preinit] INFO  o.h.validator.internal.util.Version - HV000001: Hibernate Validator 8.0.2.Final 
2025-04-20 16:10:46-750 [main] INFO  c.b.b.BusinessServiceApplication - Starting BusinessServiceApplication using Java 17.0.12 with PID 23836 (C:\Users\mgarcsar\Documents\Bootcamp\etregables\business-service\target\classes started by mgarcsar in C:\Users\mgarcsar\Documents\Bootcamp\etregables\business-service) 
2025-04-20 16:10:46-751 [main] INFO  c.b.b.BusinessServiceApplication - The following 1 profile is active: "local" 
2025-04-20 16:10:46-786 [main] INFO  o.s.c.c.c.ConfigServerConfigDataLoader - Fetching config from server at : http://localhost:8888 
2025-04-20 16:10:46-786 [main] INFO  o.s.c.c.c.ConfigServerConfigDataLoader - Located environment: name=business-service, profiles=[default], label=null, version=5948961345ff92c7a8feec89a952e9773d3de713, state= 
2025-04-20 16:10:46-786 [main] INFO  o.s.c.c.c.ConfigServerConfigDataLoader - Fetching config from server at : http://localhost:8888 
2025-04-20 16:10:46-786 [main] INFO  o.s.c.c.c.ConfigServerConfigDataLoader - Located environment: name=business-service, profiles=[local], label=null, version=5948961345ff92c7a8feec89a952e9773d3de713, state= 
2025-04-20 16:10:48-201 [main] INFO  o.s.cloud.context.scope.GenericScope - BeanFactory id=3a22edfb-ee61-33fe-94a2-bcf8fbe89c21 
2025-04-20 16:10:51-067 [main] INFO  o.s.b.a.e.web.EndpointLinksResolver - Exposing 3 endpoints beneath base path '/actuator' 
2025-04-20 16:10:51-957 [main] INFO  o.s.c.n.e.c.DiscoveryClientOptionalArgsConfiguration - Eureka HTTP Client uses RestTemplate. 
2025-04-20 16:10:52-072 [main] WARN  o.s.c.l.c.LoadBalancerCacheAutoConfiguration$LoadBalancerCaffeineWarnLogger - Spring Cloud LoadBalancer is currently working with the default cache. While this cache implementation is useful for development and tests, it's recommended to use Caffeine cache in production.You can switch to using Caffeine cache, by adding it and org.springframework.cache.caffeine.CaffeineCacheManager to the classpath. 
2025-04-20 16:10:52-154 [main] INFO  o.s.c.n.eureka.InstanceInfoFactory - Setting initial instance status as: STARTING 
2025-04-20 16:10:52-183 [main] INFO  c.netflix.discovery.DiscoveryClient - Initializing Eureka in region us-east-1 
2025-04-20 16:10:52-186 [main] INFO  c.n.d.s.r.aws.ConfigClusterResolver - Resolving eureka endpoints via configuration 
2025-04-20 16:10:52-195 [main] INFO  c.netflix.discovery.DiscoveryClient - Disable delta property : false 
2025-04-20 16:10:52-196 [main] INFO  c.netflix.discovery.DiscoveryClient - Single vip registry refresh property : null 
2025-04-20 16:10:52-196 [main] INFO  c.netflix.discovery.DiscoveryClient - Force full registry fetch : false 
2025-04-20 16:10:52-196 [main] INFO  c.netflix.discovery.DiscoveryClient - Application is null : false 
2025-04-20 16:10:52-196 [main] INFO  c.netflix.discovery.DiscoveryClient - Registered Applications size is zero : true 
2025-04-20 16:10:52-196 [main] INFO  c.netflix.discovery.DiscoveryClient - Application version is -1: true 
2025-04-20 16:10:52-196 [main] INFO  c.netflix.discovery.DiscoveryClient - Getting all instance registry info from the eureka server 
2025-04-20 16:10:52-480 [main] INFO  c.netflix.discovery.DiscoveryClient - The response status is 200 
2025-04-20 16:10:52-483 [main] INFO  c.netflix.discovery.DiscoveryClient - Starting heartbeat executor: renew interval is: 30 
2025-04-20 16:10:52-485 [main] INFO  c.n.discovery.InstanceInfoReplicator - InstanceInfoReplicator onDemand update allowed rate per min is 4 
2025-04-20 16:10:52-487 [main] INFO  c.netflix.discovery.DiscoveryClient - Discovery Client initialized at timestamp 1745183452487 with initial instances count: 5 
2025-04-20 16:10:52-502 [main] INFO  o.s.c.n.e.s.EurekaServiceRegistry - Registering application BUSINESS-SERVICE with eureka with status UP 
2025-04-20 16:10:52-502 [main] INFO  c.netflix.discovery.DiscoveryClient - Saw local status change event StatusChangeEvent [timestamp=1745183452502, current=UP, previous=STARTING] 
2025-04-20 16:10:52-504 [DiscoveryClient-InstanceInfoReplicator-%d] INFO  c.netflix.discovery.DiscoveryClient - DiscoveryClient_BUSINESS-SERVICE/business-service:8585: registering service... 
2025-04-20 16:10:52-540 [DiscoveryClient-InstanceInfoReplicator-%d] INFO  c.netflix.discovery.DiscoveryClient - DiscoveryClient_BUSINESS-SERVICE/business-service:8585 - registration status: 204 
2025-04-20 16:10:52-722 [main] INFO  o.s.b.w.e.netty.NettyWebServer - Netty started on port 8585 (http) 
2025-04-20 16:10:52-724 [main] INFO  o.s.c.n.e.s.EurekaAutoServiceRegistration - Updating port to 8585 
2025-04-20 16:10:53-025 [main] INFO  c.b.b.BusinessServiceApplication - Started BusinessServiceApplication in 10.273 seconds (process running for 12.453) 
2025-04-20 16:11:27-405 [reactor-http-nio-4] INFO  c.b.b.connector.ProductConnector - API getProductByCustomerId RQ: 67ec1a41fabf6d0f4ada9865 
2025-04-20 16:11:27-422 [reactor-http-nio-4] INFO  c.b.b.config.WebClientCustomerApi - Request: GET,  http://localhost:8383/api/products/customer/67ec1a41fabf6d0f4ada9865 
2025-04-20 16:11:27-516 [reactor-http-nio-4] INFO  c.b.b.config.WebClientCustomerApi - Response status: 200 OK 
2025-04-20 16:11:27-543 [reactor-http-nio-4] INFO  c.b.b.connector.ProductConnector - API getProductByCustomerId RS {"id":"67f9cc806e374c0902dcdb73","productType":"SA","amountOfOpen":10.0,"accountNumber":"SA01-7689199523","hasPlasticCard":true,"cardNumber":"67fd7f29c1328463019a244a","createdDate":[2025,4,12],"customer":{"customerId":"67ec1a41fabf6d0f4ada9865"}} 
2025-04-20 16:11:27-544 [reactor-http-nio-4] INFO  c.b.b.connector.ProductConnector - API findBalanceByProductId RQ: 67f9cc806e374c0902dcdb73 
2025-04-20 16:11:27-547 [reactor-http-nio-4] INFO  c.b.b.config.WebClientCustomerApi - Request: GET,  http://localhost:8383/api/products/67f9cc806e374c0902dcdb73/balance 
2025-04-20 16:11:27-551 [reactor-http-nio-4] INFO  c.b.b.connector.ProductConnector - API getProductByCustomerId RS {"id":"67f9cd80200fc270ce30e284","productType":"CA","amountOfOpen":10.0,"accountNumber":"CA01-8730016551","hasPlasticCard":true,"cardNumber":"67fd7f29c1328463019a244a","createdDate":[2025,4,11],"customer":{"customerId":"67ec1a41fabf6d0f4ada9865"}} 
2025-04-20 16:11:27-551 [reactor-http-nio-4] INFO  c.b.b.connector.ProductConnector - API findBalanceByProductId RQ: 67f9cd80200fc270ce30e284 
2025-04-20 16:11:27-552 [reactor-http-nio-4] INFO  c.b.b.config.WebClientCustomerApi - Request: GET,  http://localhost:8383/api/products/67f9cd80200fc270ce30e284/balance 
2025-04-20 16:11:27-555 [reactor-http-nio-4] INFO  c.b.b.connector.ProductConnector - API getProductByCustomerId RS {"id":"67f9e1c9fe034d395c6d23b3","productType":"FA","amountOfOpen":100.0,"accountNumber":"FA01-9408688263","hasPlasticCard":true,"cardNumber":"67fd7f29c1328463019a244a","createdDate":[2025,4,11],"customer":{"customerId":"67ec1a41fabf6d0f4ada9865"}} 
2025-04-20 16:11:27-555 [reactor-http-nio-4] INFO  c.b.b.connector.ProductConnector - API findBalanceByProductId RQ: 67f9e1c9fe034d395c6d23b3 
2025-04-20 16:11:27-556 [reactor-http-nio-4] INFO  c.b.b.config.WebClientCustomerApi - Request: GET,  http://localhost:8383/api/products/67f9e1c9fe034d395c6d23b3/balance 
2025-04-20 16:11:27-558 [reactor-http-nio-4] INFO  c.b.b.connector.ProductConnector - API getProductByCustomerId RS {"id":"67fabf94ec8287214a828c9c","productType":"CC","amountOfOpen":100.0,"accountNumber":"CC01-4406914878","hasPlasticCard":true,"cardNumber":"67fd811bc1328463019a244c","createdDate":[2025,4,12],"customer":{"customerId":"67ec1a41fabf6d0f4ada9865"}} 
2025-04-20 16:11:27-558 [reactor-http-nio-4] INFO  c.b.b.connector.ProductConnector - API findBalanceByProductId RQ: 67fabf94ec8287214a828c9c 
2025-04-20 16:11:27-559 [reactor-http-nio-4] INFO  c.b.b.config.WebClientCustomerApi - Request: GET,  http://localhost:8383/api/products/67fabf94ec8287214a828c9c/balance 
2025-04-20 16:11:27-578 [reactor-http-nio-4] INFO  c.b.b.config.WebClientCustomerApi - Response status: 200 OK 
2025-04-20 16:11:27-584 [reactor-http-nio-4] INFO  c.b.b.connector.ProductConnector - API findBalanceByProductId RS: {"creditLimit":0.0,"creditLimitUsed":0.0,"creditEnabledToUse":0.0,"totalAmountInAccount":505.0} 
2025-04-20 16:11:29-072 [reactor-http-nio-4] INFO  c.b.b.connector.FinanceConnector - API Get Resumes By ProductId RQ: 67f9cc806e374c0902dcdb73 and dates from 2025-04-01, to 2025-04-30 
2025-04-20 16:11:29-075 [reactor-http-nio-4] INFO  c.b.b.service.impl.ReportServiceImpl - Getting average of product 67f9cc806e374c0902dcdb73 
2025-04-20 16:11:29-075 [reactor-http-nio-4] INFO  c.b.b.config.WebClientFinanceApi - Request: GET,  http://localhost:8686/api/finance/resumes/67f9cc806e374c0902dcdb73?startDate=2025-04-01&endDate=2025-04-30 
2025-04-20 16:11:29-080 [reactor-http-nio-4] INFO  c.b.b.config.WebClientCustomerApi - Response status: 200 OK 
2025-04-20 16:11:29-082 [reactor-http-nio-4] INFO  c.b.b.connector.ProductConnector - API findBalanceByProductId RS: {"creditLimit":0.0,"creditLimitUsed":0.0,"creditEnabledToUse":0.0,"totalAmountInAccount":3720.0} 
2025-04-20 16:11:29-707 [reactor-http-nio-4] INFO  c.b.b.connector.FinanceConnector - API Get Resumes By ProductId RQ: 67f9cd80200fc270ce30e284 and dates from 2025-04-01, to 2025-04-30 
2025-04-20 16:11:29-709 [reactor-http-nio-4] INFO  c.b.b.service.impl.ReportServiceImpl - Getting average of product 67f9cd80200fc270ce30e284 
2025-04-20 16:11:29-709 [reactor-http-nio-4] INFO  c.b.b.config.WebClientFinanceApi - Request: GET,  http://localhost:8686/api/finance/resumes/67f9cd80200fc270ce30e284?startDate=2025-04-01&endDate=2025-04-30 
2025-04-20 16:11:29-711 [reactor-http-nio-4] INFO  c.b.b.config.WebClientCustomerApi - Response status: 200 OK 
2025-04-20 16:11:29-714 [reactor-http-nio-4] INFO  c.b.b.connector.ProductConnector - API findBalanceByProductId RS: {"creditLimit":0.0,"creditLimitUsed":0.0,"creditEnabledToUse":0.0,"totalAmountInAccount":100.0} 
2025-04-20 16:11:30-608 [reactor-http-nio-4] INFO  c.b.b.connector.FinanceConnector - API Get Resumes By ProductId RQ: 67f9e1c9fe034d395c6d23b3 and dates from 2025-04-01, to 2025-04-30 
2025-04-20 16:11:30-609 [reactor-http-nio-4] INFO  c.b.b.service.impl.ReportServiceImpl - Getting average of product 67f9e1c9fe034d395c6d23b3 
2025-04-20 16:11:30-609 [reactor-http-nio-4] INFO  c.b.b.config.WebClientFinanceApi - Request: GET,  http://localhost:8686/api/finance/resumes/67f9e1c9fe034d395c6d23b3?startDate=2025-04-01&endDate=2025-04-30 
2025-04-20 16:11:30-611 [reactor-http-nio-4] INFO  c.b.b.config.WebClientCustomerApi - Response status: 200 OK 
2025-04-20 16:11:30-613 [reactor-http-nio-4] INFO  c.b.b.connector.ProductConnector - API findBalanceByProductId RS: {"creditLimit":3000.0,"creditLimitUsed":80.0,"creditEnabledToUse":2920.0,"totalAmountInAccount":0.0} 
2025-04-20 16:11:33-480 [reactor-http-nio-4] INFO  c.b.b.connector.FinanceConnector - API Get Resumes By ProductId RQ: 67fabf94ec8287214a828c9c and dates from 2025-04-01, to 2025-04-30 
2025-04-20 16:11:33-481 [reactor-http-nio-4] INFO  c.b.b.service.impl.ReportServiceImpl - Getting average of product 67fabf94ec8287214a828c9c 
2025-04-20 16:11:33-482 [reactor-http-nio-4] INFO  c.b.b.config.WebClientFinanceApi - Request: GET,  http://localhost:8686/api/finance/resumes/67fabf94ec8287214a828c9c?startDate=2025-04-01&endDate=2025-04-30 
2025-04-20 16:11:33-506 [reactor-http-nio-4] INFO  c.b.b.config.WebClientFinanceApi - Response status: 200 OK 
2025-04-20 16:11:33-509 [reactor-http-nio-4] INFO  c.b.b.config.WebClientFinanceApi - Response status: 200 OK 
2025-04-20 16:11:33-511 [reactor-http-nio-4] INFO  c.b.b.connector.FinanceConnector - API get Resumes By ProductId success RS: 67f9cc806e374c0902dcdb73 
2025-04-20 16:11:33-513 [reactor-http-nio-4] INFO  c.b.b.connector.FinanceConnector - API get Resumes By ProductId success RS: 67f9cc806e374c0902dcdb73 
2025-04-20 16:11:33-514 [reactor-http-nio-4] INFO  c.b.b.connector.FinanceConnector - API get Resumes By ProductId success RS: 67f9cc806e374c0902dcdb73 
2025-04-20 16:11:33-514 [reactor-http-nio-4] INFO  c.b.b.connector.FinanceConnector - API get Resumes By ProductId success RS: 67f9cc806e374c0902dcdb73 
2025-04-20 16:11:33-515 [reactor-http-nio-4] INFO  c.b.b.connector.FinanceConnector - API get Resumes By ProductId success RS: 67f9cc806e374c0902dcdb73 
2025-04-20 16:11:33-515 [reactor-http-nio-4] INFO  c.b.b.connector.FinanceConnector - API get Resumes By ProductId success RS: 67f9cc806e374c0902dcdb73 
2025-04-20 16:11:33-515 [reactor-http-nio-4] INFO  c.b.b.connector.FinanceConnector - API get Resumes By ProductId success RS: 67f9cc806e374c0902dcdb73 
2025-04-20 16:11:33-517 [reactor-http-nio-4] INFO  c.b.b.service.impl.ReportServiceImpl - Average of product id 67f9cc806e374c0902dcdb73, is 505.0 
2025-04-20 16:11:33-518 [reactor-http-nio-4] INFO  c.b.b.config.WebClientFinanceApi - Response status: 200 OK 
2025-04-20 16:11:33-519 [reactor-http-nio-4] INFO  c.b.b.connector.FinanceConnector - API get Resumes By ProductId success RS: 67fabf94ec8287214a828c9c 
2025-04-20 16:11:33-519 [reactor-http-nio-4] INFO  c.b.b.connector.FinanceConnector - API get Resumes By ProductId success RS: 67fabf94ec8287214a828c9c 
2025-04-20 16:11:33-519 [reactor-http-nio-4] INFO  c.b.b.connector.FinanceConnector - API get Resumes By ProductId success RS: 67fabf94ec8287214a828c9c 
2025-04-20 16:11:33-519 [reactor-http-nio-4] INFO  c.b.b.connector.FinanceConnector - API get Resumes By ProductId success RS: 67fabf94ec8287214a828c9c 
2025-04-20 16:11:33-520 [reactor-http-nio-4] INFO  c.b.b.connector.FinanceConnector - API get Resumes By ProductId success RS: 67fabf94ec8287214a828c9c 
2025-04-20 16:11:33-520 [reactor-http-nio-4] INFO  c.b.b.service.impl.ReportServiceImpl - Average of product id 67fabf94ec8287214a828c9c, is 2920.0 
2025-04-20 16:11:33-520 [reactor-http-nio-4] INFO  c.b.b.config.WebClientFinanceApi - Response status: 200 OK 
2025-04-20 16:11:33-521 [reactor-http-nio-4] INFO  c.b.b.connector.FinanceConnector - API get Resumes By ProductId success RS: 67f9e1c9fe034d395c6d23b3 
2025-04-20 16:11:33-522 [reactor-http-nio-4] INFO  c.b.b.connector.FinanceConnector - API get Resumes By ProductId success RS: 67f9e1c9fe034d395c6d23b3 
2025-04-20 16:11:33-522 [reactor-http-nio-4] INFO  c.b.b.connector.FinanceConnector - API get Resumes By ProductId success RS: 67f9e1c9fe034d395c6d23b3 
2025-04-20 16:11:33-524 [reactor-http-nio-4] INFO  c.b.b.connector.FinanceConnector - API get Resumes By ProductId success RS: 67f9e1c9fe034d395c6d23b3 
2025-04-20 16:11:33-525 [reactor-http-nio-4] INFO  c.b.b.connector.FinanceConnector - API get Resumes By ProductId success RS: 67f9e1c9fe034d395c6d23b3 
2025-04-20 16:11:33-525 [reactor-http-nio-4] INFO  c.b.b.service.impl.ReportServiceImpl - Average of product id 67f9e1c9fe034d395c6d23b3, is 66.0 
2025-04-20 16:11:33-525 [reactor-http-nio-4] INFO  c.b.b.connector.FinanceConnector - API get Resumes By ProductId success RS: 67f9cd80200fc270ce30e284 
2025-04-20 16:11:33-526 [reactor-http-nio-4] INFO  c.b.b.connector.FinanceConnector - API get Resumes By ProductId success RS: 67f9cd80200fc270ce30e284 
2025-04-20 16:11:33-526 [reactor-http-nio-4] INFO  c.b.b.connector.FinanceConnector - API get Resumes By ProductId success RS: 67f9cd80200fc270ce30e284 
2025-04-20 16:11:33-526 [reactor-http-nio-4] INFO  c.b.b.connector.FinanceConnector - API get Resumes By ProductId success RS: 67f9cd80200fc270ce30e284 
2025-04-20 16:11:33-527 [reactor-http-nio-4] INFO  c.b.b.connector.FinanceConnector - API get Resumes By ProductId success RS: 67f9cd80200fc270ce30e284 
2025-04-20 16:11:33-527 [reactor-http-nio-4] INFO  c.b.b.service.impl.ReportServiceImpl - Average of product id 67f9cd80200fc270ce30e284, is 3720.0 
2025-04-20 16:11:33-531 [reactor-http-nio-4] INFO  c.b.b.service.impl.ReportServiceImpl - Report successfully built {"message":"Success - Reporte productos del cliente ingresado.","typeReport":"BALANCE","customerId":"67ec1a41fabf6d0f4ada9865","dateToday":[2025,4,20],"products":[{"productId":"67f9cc806e374c0902dcdb73","customerId":"67ec1a41fabf6d0f4ada9865","productType":"CUENTA DE AHORROS","familyType":"PASSIVE","totalAmountPassiveProduct":505.0,"accountNumber":"SA01-7689199523","creditLimitTotal":0.0,"creditUsed":0.0,"creditEnabled":0.0,"averageBalanceOfMonth":505.0},{"productId":"67fabf94ec8287214a828c9c","customerId":"67ec1a41fabf6d0f4ada9865","productType":"TARJETA DE CREDITO","familyType":"ACTIVE","totalAmountPassiveProduct":0.0,"accountNumber":"CC01-4406914878","creditLimitTotal":3000.0,"creditUsed":80.0,"creditEnabled":2920.0,"averageBalanceOfMonth":2920.0},{"productId":"67f9e1c9fe034d395c6d23b3","customerId":"67ec1a41fabf6d0f4ada9865","productType":"PLAZO FIJO","familyType":"PASSIVE","totalAmountPassiveProduct":100.0,"accountNumber":"FA01-9408688263","creditLimitTotal":0.0,"creditUsed":0.0,"creditEnabled":0.0,"averageBalanceOfMonth":66.0},{"productId":"67f9cd80200fc270ce30e284","customerId":"67ec1a41fabf6d0f4ada9865","productType":"CUENTA CORRIENTE","familyType":"PASSIVE","totalAmountPassiveProduct":3720.0,"accountNumber":"CA01-8730016551","creditLimitTotal":0.0,"creditUsed":0.0,"creditEnabled":0.0,"averageBalanceOfMonth":3720.0}]} 
2025-04-20 16:13:47-912 [SpringApplicationShutdownHook] INFO  o.s.c.n.e.s.EurekaServiceRegistry - Unregistering application BUSINESS-SERVICE with eureka with status DOWN 
2025-04-20 16:13:47-912 [SpringApplicationShutdownHook] INFO  c.netflix.discovery.DiscoveryClient - Saw local status change event StatusChangeEvent [timestamp=1745183627912, current=DOWN, previous=UP] 
2025-04-20 16:13:47-912 [DiscoveryClient-InstanceInfoReplicator-%d] INFO  c.netflix.discovery.DiscoveryClient - DiscoveryClient_BUSINESS-SERVICE/business-service:8585: registering service... 
2025-04-20 16:13:47-915 [SpringApplicationShutdownHook] INFO  o.s.b.w.e.netty.GracefulShutdown - Commencing graceful shutdown. Waiting for active requests to complete 
2025-04-20 16:13:47-918 [netty-shutdown] INFO  o.s.b.w.e.netty.GracefulShutdown - Graceful shutdown complete 
2025-04-20 16:13:47-931 [DiscoveryClient-InstanceInfoReplicator-%d] INFO  c.netflix.discovery.DiscoveryClient - DiscoveryClient_BUSINESS-SERVICE/business-service:8585 - registration status: 204 
